,RowIdx,Predicted_outputclass
0,1,0
1,2,0
2,3,1
3,4,0
4,5,0
5,6,0
6,7,0
7,8,1
8,9,0
9,10,0
10,11,0
11,12,0
12,13,0
13,14,0
14,15,1
15,16,0
16,17,0
17,18,0
18,19,0
19,20,0
20,21,0
21,22,1
22,23,0
23,24,0
24,25,0
25,26,0
26,27,0
27,28,0
28,29,0
29,30,0
30,31,0
31,32,0
32,33,0
33,34,0
34,35,1
35,36,0
36,37,0
37,38,0
38,39,0
39,40,0
40,41,0
41,42,0
42,43,0
43,44,0
44,45,1
45,46,0
46,47,0
47,48,0
48,49,0
49,50,1
50,51,0
51,52,1
52,53,0
53,54,1
54,55,1
55,56,0
56,57,0
57,58,0
58,59,0
59,60,0
60,61,0
61,62,0
62,63,0
63,64,1
64,65,0
65,66,1
66,67,0
67,68,0
68,69,1
69,70,0
70,71,0
71,72,0
72,73,0
73,74,1
74,75,0
75,76,1
76,77,1
77,78,0
78,79,0
79,80,0
80,81,0
81,82,0
82,83,0
83,84,0
84,85,0
85,86,1
86,87,1
87,88,0
88,89,0
89,90,0
90,91,0
91,92,0
92,93,0
93,94,0
94,95,0
95,96,1
96,97,0
97,98,0
98,99,0
99,100,0
100,101,0
101,102,0
102,103,0
103,104,0
104,105,1
105,106,1
106,107,0
107,108,0
108,109,1
109,110,0
110,111,0
111,112,0
112,113,0
113,114,0
114,115,0
115,116,0
116,117,0
117,118,1
118,119,1
119,120,0
120,121,1
121,122,0
122,123,1
123,124,1
124,125,0
125,126,0
126,127,0
127,128,1
128,129,1
129,130,1
130,131,0
131,132,0
132,133,0
133,134,1
134,135,0
135,136,0
136,137,0
137,138,0
138,139,0
139,140,0
140,141,0
141,142,1
142,143,1
143,144,0
144,145,1
145,146,1
146,147,1
147,148,0
148,149,0
149,150,0
150,151,0
151,152,1
152,153,0
153,154,0
154,155,0
155,156,0
156,157,0
157,158,0
158,159,0
159,160,0
160,161,0
161,162,0
162,163,0
163,164,1
164,165,1
165,166,0
166,167,1
167,168,1
168,169,1
169,170,0
170,171,0
171,172,1
172,173,0
173,174,0
174,175,1
175,176,1
176,177,0
177,178,0
178,179,0
179,180,0
180,181,0
181,182,0
182,183,0
183,184,0
184,185,1
185,186,0
186,187,0
187,188,1
188,189,0
189,190,0
190,191,0
191,192,0
192,193,0
193,194,0
194,195,1
195,196,0
196,197,1
197,198,0
198,199,0
199,200,1
200,201,1
201,202,0
202,203,0
203,204,0
204,205,0
205,206,0
206,207,1
207,208,0
208,209,1
209,210,0
210,211,0
211,212,0
212,213,0
213,214,0
214,215,0
215,216,1
216,217,0
217,218,1
218,219,1
219,220,0
220,221,0
221,222,0
222,223,0
223,224,1
224,225,0
225,226,0
226,227,0
227,228,0
228,229,1
229,230,0
230,231,1
231,232,1
232,233,0
233,234,0
234,235,1
235,236,0
236,237,0
237,238,0
238,239,0
239,240,1
240,241,0
241,242,0
242,243,0
243,244,1
244,245,0
245,246,0
246,247,1
247,248,1
248,249,1
249,250,0
250,251,0
251,252,1
252,253,1
253,254,1
254,255,1
255,256,0
256,257,0
257,258,1
258,259,0
259,260,0
260,261,0
261,262,0
262,263,0
263,264,0
264,265,0
265,266,0
266,267,0
267,268,0
268,269,0
269,270,1
270,271,0
271,272,0
272,273,0
273,274,1
274,275,1
275,276,1
276,277,0
277,278,0
278,279,0
279,280,0
280,281,0
281,282,0
282,283,0
283,284,0
284,285,0
285,286,0
286,287,0
287,288,0
288,289,0
289,290,0
290,291,1
291,292,0
292,293,0
293,294,0
294,295,1
295,296,1
296,297,0
297,298,0
298,299,0
299,300,0
300,301,0
301,302,0
302,303,0
303,304,0
304,305,1
305,306,0
306,307,1
307,308,0
308,309,0
309,310,0
310,311,0
311,312,0
312,313,1
313,314,1
314,315,0
315,316,0
316,317,1
317,318,0
318,319,1
319,320,0
320,321,0
321,322,0
322,323,0
323,324,0
324,325,0
325,326,1
326,327,0
327,328,0
328,329,0
329,330,0
330,331,0
331,332,0
332,333,1
333,334,0
334,335,1
335,336,0
336,337,1
337,338,1
338,339,0
339,340,0
340,341,0
341,342,1
342,343,0
343,344,0
344,345,0
345,346,1
346,347,1
347,348,1
348,349,1
349,350,0
350,351,0
351,352,1
352,353,0
353,354,0
354,355,1
355,356,0
356,357,0
357,358,0
358,359,1
359,360,1
360,361,0
361,362,0
362,363,1
363,364,1
364,365,0
365,366,0
366,367,0
367,368,0
368,369,0
369,370,1
370,371,0
371,372,0
372,373,1
373,374,0
374,375,0
375,376,0
376,377,0
377,378,0
378,379,1
379,380,0
380,381,0
381,382,0
382,383,0
383,384,0
384,385,0
385,386,0
386,387,0
387,388,0
388,389,0
389,390,0
390,391,0
391,392,0
392,393,0
393,394,0
394,395,1
395,396,0
396,397,0
397,398,0
398,399,0
399,400,0
400,401,1
401,402,0
402,403,0
403,404,0
404,405,1
405,406,0
406,407,0
407,408,1
408,409,0
409,410,1
410,411,0
411,412,0
412,413,0
413,414,1
414,415,1
415,416,0
416,417,0
417,418,0
418,419,0
419,420,0
420,421,0
421,422,0
422,423,0
423,424,0
424,425,0
425,426,1
426,427,0
427,428,0
428,429,0
429,430,0
430,431,0
431,432,0
432,433,1
433,434,0
434,435,0
435,436,0
436,437,0
437,438,1
438,439,0
439,440,0
440,441,0
441,442,0
442,443,0
443,444,1
444,445,0
445,446,0
446,447,1
447,448,1
448,449,0
449,450,0
450,451,0
451,452,0
452,453,1
453,454,1
454,455,1
455,456,0
456,457,1
457,458,0
458,459,1
459,460,0
460,461,0
461,462,0
462,463,0
463,464,0
464,465,0
465,466,0
466,467,1
467,468,0
468,469,0
469,470,0
470,471,0
471,472,0
472,473,0
473,474,0
474,475,0
475,476,0
476,477,0
477,478,0
478,479,0
479,480,0
480,481,0
481,482,0
482,483,0
483,484,1
484,485,0
485,486,0
486,487,0
487,488,1
488,489,0
489,490,0
490,491,0
491,492,0
492,493,1
493,494,0
494,495,0
495,496,0
496,497,0
497,498,0
498,499,0
499,500,1
500,501,0
501,502,0
502,503,1
503,504,0
504,505,1
505,506,0
506,507,0
507,508,0
508,509,0
509,510,1
510,511,0
511,512,1
512,513,0
513,514,0
514,515,0
515,516,1
516,517,1
517,518,0
518,519,0
519,520,0
520,521,1
521,522,0
522,523,0
523,524,1
524,525,0
525,526,0
526,527,0
527,528,0
528,529,0
529,530,0
530,531,0
531,532,0
532,533,1
533,534,0
534,535,1
535,536,1
536,537,1
537,538,0
538,539,0
539,540,0
540,541,0
541,542,0
542,543,0
543,544,0
544,545,0
545,546,0
546,547,1
547,548,0
548,549,1
549,550,0
550,551,0
551,552,0
552,553,0
553,554,0
554,555,0
555,556,0
556,557,0
557,558,0
558,559,0
559,560,0
560,561,0
561,562,0
562,563,1
563,564,0
564,565,0
565,566,0
566,567,1
567,568,1
568,569,0
569,570,0
570,571,0
571,572,0
572,573,0
573,574,1
574,575,0
575,576,0
576,577,0
577,578,1
578,579,0
579,580,0
580,581,0
581,582,0
582,583,0
583,584,0
584,585,1
585,586,0
586,587,1
587,588,0
588,589,1
589,590,0
590,591,0
591,592,0
592,593,0
593,594,0
594,595,0
595,596,0
596,597,0
597,598,1
598,599,0
599,600,0
600,601,0
601,602,0
602,603,0
603,604,0
604,605,1
605,606,0
606,607,0
607,608,0
608,609,1
609,610,1
610,611,0
611,612,1
612,613,0
613,614,1
614,615,0
615,616,1
616,617,0
617,618,0
618,619,0
619,620,0
620,621,0
621,622,0
622,623,0
623,624,0
624,625,0
625,626,1
626,627,0
627,628,0
628,629,0
629,630,0
630,631,0
631,632,1
632,633,0
633,634,0
634,635,0
635,636,0
636,637,0
637,638,1
638,639,0
639,640,0
640,641,0
641,642,0
642,643,0
643,644,0
644,645,0
645,646,0
646,647,0
647,648,0
648,649,0
649,650,1
650,651,0
651,652,0
652,653,1
653,654,0
654,655,1
655,656,1
656,657,0
657,658,1
658,659,0
659,660,1
660,661,0
661,662,1
662,663,0
663,664,0
664,665,0
665,666,0
666,667,1
667,668,0
668,669,0
669,670,0
670,671,0
671,672,0
672,673,0
673,674,0
674,675,0
675,676,0
676,677,0
677,678,0
678,679,0
679,680,1
680,681,1
681,682,0
682,683,1
683,684,0
684,685,1
685,686,1
686,687,0
687,688,0
688,689,0
689,690,1
690,691,0
691,692,0
692,693,1
693,694,1
694,695,0
695,696,0
696,697,0
697,698,0
698,699,0
699,700,0
700,701,0
701,702,0
702,703,0
703,704,0
704,705,1
705,706,1
706,707,0
707,708,0
708,709,0
709,710,0
710,711,0
711,712,0
712,713,1
713,714,0
714,715,0
715,716,0
716,717,1
717,718,1
718,719,0
719,720,0
720,721,0
721,722,0
722,723,0
723,724,1
724,725,1
725,726,1
726,727,0
727,728,0
728,729,1
729,730,0
730,731,0
731,732,0
732,733,0
733,734,0
734,735,0
735,736,1
736,737,0
737,738,0
738,739,0
739,740,0
740,741,0
741,742,0
742,743,0
743,744,0
744,745,0
745,746,0
746,747,0
747,748,0
748,749,0
749,750,0
750,751,0
751,752,0
752,753,0
753,754,0
754,755,0
755,756,0
756,757,0
757,758,0
758,759,1
759,760,1
760,761,1
761,762,0
762,763,0
763,764,0
764,765,1
765,766,0
766,767,0
767,768,0
768,769,0
769,770,1
770,771,0
771,772,0
772,773,0
773,774,0
774,775,0
775,776,0
776,777,0
777,778,0
778,779,0
779,780,0
780,781,0
781,782,0
782,783,1
783,784,1
784,785,1
785,786,0
786,787,0
787,788,0
788,789,0
789,790,0
790,791,0
791,792,1
792,793,0
793,794,0
794,795,0
795,796,0
796,797,1
797,798,1
798,799,0
799,800,0
800,801,0
801,802,0
802,803,0
803,804,0
804,805,0
805,806,0
806,807,0
807,808,1
808,809,0
809,810,0
810,811,0
811,812,1
812,813,1
813,814,0
814,815,0
815,816,0
816,817,1
817,818,0
818,819,0
819,820,0
820,821,0
821,822,0
822,823,0
823,824,0
824,825,1
825,826,0
826,827,1
827,828,0
828,829,0
829,830,0
830,831,0
831,832,0
832,833,0
833,834,0
834,835,0
835,836,0
836,837,0
837,838,0
838,839,0
839,840,0
840,841,1
841,842,0
842,843,1
843,844,1
844,845,1
845,846,1
846,847,0
847,848,0
848,849,1
849,850,0
850,851,0
851,852,1
852,853,0
853,854,1
854,855,0
855,856,1
856,857,0
857,858,0
858,859,0
859,860,0
860,861,0
861,862,0
862,863,1
863,864,0
864,865,0
865,866,0
866,867,0
867,868,0
868,869,0
869,870,0
870,871,0
871,872,0
872,873,0
873,874,0
874,875,0
875,876,0
876,877,0
877,878,1
878,879,0
879,880,0
880,881,0
881,882,0
882,883,0
883,884,0
884,885,0
885,886,0
886,887,0
887,888,1
888,889,1
889,890,0
890,891,0
891,892,0
892,893,0
893,894,0
894,895,0
895,896,0
896,897,1
897,898,0
898,899,0
899,900,0
900,901,0
901,902,0
902,903,0
903,904,0
904,905,0
905,906,0
906,907,0
907,908,0
908,909,1
909,910,1
910,911,0
911,912,0
912,913,1
913,914,0
914,915,0
915,916,0
916,917,0
917,918,0
918,919,0
919,920,0
920,921,0
921,922,0
922,923,0
923,924,0
924,925,1
925,926,0
926,927,0
927,928,0
928,929,0
929,930,0
930,931,0
931,932,0
932,933,0
933,934,0
934,935,1
935,936,0
936,937,0
937,938,1
938,939,1
939,940,0
940,941,0
941,942,0
942,943,0
943,944,0
944,945,0
945,946,0
946,947,0
947,948,1
948,949,0
949,950,0
950,951,0
951,952,0
952,953,0
953,954,0
954,955,1
955,956,0
956,957,0
957,958,0
958,959,1
959,960,0
960,961,1
961,962,0
962,963,0
963,964,0
964,965,1
965,966,1
966,967,0
967,968,0
968,969,0
969,970,0
970,971,0
971,972,0
972,973,0
973,974,0
974,975,0
975,976,1
976,977,0
977,978,1
978,979,0
979,980,0
980,981,0
981,982,0
982,983,0
983,984,0
984,985,0
985,986,1
986,987,0
987,988,0
988,989,0
989,990,0
990,991,0
991,992,0
992,993,0
993,994,1
994,995,1
995,996,1
996,997,0
997,998,1
998,999,1
999,1000,0
1000,1001,0
1001,1002,0
1002,1003,0
1003,1004,0
1004,1005,0
1005,1006,0
1006,1007,0
1007,1008,0
1008,1009,0
1009,1010,0
1010,1011,0
1011,1012,1
1012,1013,0
1013,1014,1
1014,1015,1
1015,1016,1
1016,1017,0
1017,1018,0
1018,1019,0
1019,1020,0
1020,1021,0
1021,1022,1
1022,1023,0
1023,1024,0
1024,1025,0
1025,1026,0
1026,1027,0
1027,1028,0
1028,1029,0
1029,1030,0
1030,1031,1
1031,1032,0
1032,1033,0
1033,1034,1
1034,1035,0
1035,1036,1
1036,1037,1
1037,1038,0
1038,1039,0
1039,1040,0
1040,1041,1
1041,1042,1
1042,1043,0
1043,1044,0
1044,1045,1
1045,1046,0
1046,1047,0
1047,1048,0
1048,1049,1
1049,1050,0
1050,1051,0
1051,1052,1
1052,1053,0
1053,1054,0
1054,1055,0
1055,1056,0
1056,1057,0
1057,1058,0
1058,1059,0
1059,1060,0
1060,1061,0
1061,1062,0
1062,1063,0
1063,1064,0
1064,1065,0
1065,1066,0
1066,1067,0
1067,1068,1
1068,1069,1
1069,1070,1
1070,1071,0
1071,1072,1
1072,1073,0
1073,1074,1
1074,1075,1
1075,1076,0
1076,1077,0
1077,1078,0
1078,1079,0
1079,1080,0
1080,1081,0
1081,1082,1
1082,1083,0
1083,1084,0
1084,1085,0
1085,1086,0
1086,1087,0
1087,1088,0
1088,1089,0
1089,1090,0
1090,1091,0
1091,1092,0
1092,1093,0
1093,1094,0
1094,1095,0
1095,1096,1
1096,1097,1
1097,1098,0
1098,1099,0
1099,1100,0
1100,1101,0
1101,1102,0
1102,1103,0
1103,1104,0
1104,1105,0
1105,1106,0
1106,1107,1
1107,1108,0
1108,1109,0
1109,1110,0
1110,1111,0
1111,1112,0
1112,1113,0
1113,1114,0
1114,1115,0
1115,1116,1
1116,1117,1
1117,1118,0
1118,1119,0
1119,1120,0
1120,1121,1
1121,1122,0
1122,1123,0
1123,1124,0
1124,1125,0
1125,1126,0
1126,1127,0
1127,1128,0
1128,1129,0
1129,1130,0
1130,1131,0
1131,1132,1
1132,1133,1
1133,1134,1
1134,1135,1
1135,1136,0
1136,1137,0
1137,1138,0
1138,1139,1
1139,1140,0
1140,1141,0
1141,1142,0
1142,1143,1
1143,1144,0
1144,1145,1
1145,1146,0
1146,1147,0
1147,1148,0
1148,1149,0
1149,1150,0
1150,1151,0
1151,1152,0
1152,1153,0
1153,1154,0
1154,1155,0
1155,1156,0
1156,1157,1
1157,1158,0
1158,1159,1
1159,1160,0
1160,1161,0
1161,1162,0
1162,1163,1
1163,1164,1
1164,1165,1
1165,1166,1
1166,1167,1
1167,1168,1
1168,1169,0
1169,1170,0
1170,1171,0
1171,1172,0
1172,1173,0
1173,1174,1
1174,1175,0
1175,1176,0
1176,1177,0
1177,1178,0
1178,1179,0
1179,1180,0
1180,1181,1
1181,1182,0
1182,1183,1
1183,1184,0
1184,1185,0
1185,1186,0
1186,1187,0
1187,1188,0
1188,1189,0
1189,1190,1
1190,1191,0
1191,1192,0
1192,1193,0
1193,1194,1
1194,1195,1
1195,1196,0
1196,1197,0
1197,1198,0
1198,1199,0
1199,1200,0
1200,1201,0
1201,1202,0
1202,1203,0
1203,1204,0
1204,1205,0
1205,1206,0
1206,1207,0
1207,1208,0
1208,1209,0
1209,1210,0
1210,1211,1
1211,1212,0
1212,1213,1
1213,1214,0
1214,1215,0
1215,1216,1
1216,1217,0
1217,1218,0
1218,1219,0
1219,1220,0
1220,1221,0
1221,1222,1
1222,1223,0
1223,1224,0
1224,1225,0
1225,1226,1
1226,1227,0
1227,1228,0
1228,1229,0
1229,1230,1
1230,1231,0
1231,1232,0
1232,1233,1
1233,1234,0
1234,1235,0
1235,1236,0
1236,1237,0
1237,1238,1
1238,1239,0
1239,1240,0
1240,1241,0
1241,1242,0
1242,1243,1
1243,1244,0
1244,1245,1
1245,1246,0
1246,1247,0
1247,1248,1
1248,1249,0
1249,1250,0
1250,1251,0
1251,1252,0
1252,1253,0
1253,1254,0
1254,1255,0
1255,1256,0
1256,1257,1
1257,1258,0
1258,1259,0
1259,1260,0
1260,1261,0
1261,1262,0
1262,1263,0
1263,1264,1
1264,1265,1
1265,1266,0
1266,1267,0
1267,1268,0
1268,1269,1
1269,1270,0
1270,1271,0
1271,1272,0
1272,1273,0
1273,1274,0
1274,1275,0
1275,1276,1
1276,1277,0
1277,1278,0
1278,1279,0
1279,1280,1
1280,1281,1
1281,1282,0
1282,1283,1
1283,1284,0
1284,1285,1
1285,1286,0
1286,1287,1
1287,1288,0
1288,1289,1
1289,1290,1
1290,1291,0
1291,1292,0
1292,1293,0
1293,1294,1
1294,1295,0
1295,1296,0
1296,1297,1
1297,1298,1
1298,1299,1
1299,1300,0
1300,1301,0
1301,1302,1
1302,1303,0
1303,1304,0
1304,1305,0
1305,1306,1
1306,1307,0
1307,1308,0
1308,1309,0
1309,1310,0
1310,1311,0
1311,1312,0
1312,1313,1
1313,1314,0
1314,1315,0
1315,1316,0
1316,1317,1
1317,1318,1
1318,1319,0
1319,1320,0
1320,1321,0
1321,1322,1
1322,1323,1
1323,1324,0
1324,1325,0
1325,1326,0
1326,1327,0
1327,1328,0
1328,1329,0
1329,1330,1
1330,1331,0
1331,1332,0
1332,1333,1
1333,1334,1
1334,1335,0
1335,1336,0
1336,1337,0
1337,1338,0
1338,1339,0
1339,1340,0
1340,1341,1
1341,1342,0
1342,1343,0
1343,1344,0
1344,1345,0
1345,1346,0
1346,1347,1
1347,1348,0
1348,1349,0
1349,1350,0
1350,1351,0
1351,1352,1
1352,1353,0
1353,1354,0
1354,1355,0
1355,1356,0
1356,1357,1
1357,1358,0
1358,1359,0
1359,1360,1
1360,1361,0
1361,1362,0
1362,1363,0
1363,1364,0
1364,1365,0
1365,1366,0
1366,1367,1
1367,1368,0
1368,1369,1
1369,1370,0
1370,1371,1
1371,1372,0
1372,1373,1
1373,1374,0
1374,1375,1
1375,1376,0
1376,1377,0
1377,1378,0
1378,1379,0
1379,1380,0
1380,1381,0
1381,1382,1
1382,1383,1
1383,1384,0
1384,1385,0
1385,1386,0
1386,1387,0
1387,1388,0
1388,1389,0
1389,1390,0
1390,1391,1
1391,1392,0
1392,1393,0
1393,1394,0
1394,1395,1
1395,1396,1
1396,1397,0
1397,1398,0
1398,1399,0
1399,1400,0
1400,1401,1
1401,1402,0
1402,1403,1
1403,1404,0
1404,1405,0
1405,1406,1
1406,1407,0
1407,1408,1
1408,1409,0
1409,1410,1
1410,1411,0
1411,1412,0
1412,1413,0
1413,1414,0
1414,1415,0
1415,1416,1
1416,1417,0
1417,1418,0
1418,1419,1
1419,1420,0
1420,1421,0
1421,1422,0
1422,1423,0
1423,1424,0
1424,1425,1
1425,1426,0
1426,1427,1
1427,1428,0
1428,1429,0
1429,1430,1
1430,1431,1
1431,1432,0
1432,1433,0
1433,1434,0
1434,1435,1
1435,1436,0
1436,1437,0
1437,1438,0
1438,1439,0
1439,1440,1
1440,1441,0
1441,1442,0
1442,1443,0
1443,1444,1
1444,1445,0
1445,1446,0
1446,1447,0
1447,1448,0
1448,1449,0
1449,1450,0
1450,1451,1
1451,1452,1
1452,1453,1
1453,1454,0
1454,1455,1
1455,1456,0
1456,1457,0
1457,1458,1
1458,1459,0
1459,1460,0
1460,1461,1
1461,1462,1
1462,1463,1
1463,1464,0
1464,1465,0
1465,1466,0
1466,1467,0
1467,1468,0
1468,1469,0
1469,1470,0
1470,1471,0
1471,1472,0
1472,1473,0
1473,1474,1
1474,1475,0
1475,1476,0
1476,1477,0
1477,1478,0
1478,1479,0
1479,1480,0
1480,1481,0
1481,1482,0
1482,1483,0
1483,1484,0
1484,1485,1
1485,1486,1
1486,1487,0
1487,1488,1
1488,1489,0
1489,1490,0
1490,1491,0
1491,1492,0
1492,1493,0
1493,1494,0
1494,1495,1
1495,1496,0
1496,1497,0
1497,1498,0
1498,1499,0
1499,1500,0
1500,1501,0
1501,1502,0
1502,1503,0
1503,1504,0
1504,1505,0
1505,1506,1
1506,1507,0
1507,1508,0
1508,1509,1
1509,1510,0
1510,1511,0
1511,1512,1
1512,1513,0
1513,1514,0
1514,1515,0
1515,1516,0
1516,1517,1
1517,1518,0
1518,1519,0
1519,1520,0
1520,1521,0
1521,1522,1
1522,1523,1
1523,1524,0
1524,1525,0
1525,1526,0
1526,1527,1
1527,1528,0
1528,1529,1
1529,1530,1
1530,1531,0
1531,1532,1
1532,1533,0
1533,1534,0
1534,1535,0
1535,1536,0
1536,1537,1
1537,1538,0
1538,1539,0
1539,1540,1
1540,1541,1
1541,1542,0
1542,1543,0
1543,1544,1
1544,1545,0
1545,1546,1
1546,1547,0
1547,1548,0
1548,1549,0
1549,1550,1
1550,1551,1
1551,1552,1
1552,1553,0
1553,1554,0
1554,1555,1
1555,1556,0
1556,1557,0
1557,1558,1
1558,1559,1
1559,1560,0
1560,1561,0
1561,1562,0
1562,1563,0
1563,1564,0
1564,1565,0
1565,1566,0
1566,1567,0
1567,1568,0
1568,1569,1
1569,1570,0
1570,1571,0
1571,1572,0
1572,1573,0
1573,1574,0
1574,1575,0
1575,1576,1
1576,1577,0
1577,1578,0
1578,1579,1
1579,1580,1
1580,1581,1
1581,1582,0
1582,1583,0
1583,1584,0
1584,1585,0
1585,1586,1
1586,1587,0
1587,1588,1
1588,1589,1
1589,1590,0
1590,1591,0
1591,1592,0
1592,1593,0
1593,1594,0
1594,1595,1
1595,1596,0
1596,1597,0
1597,1598,1
1598,1599,0
1599,1600,1
1600,1601,0
1601,1602,0
1602,1603,0
1603,1604,0
1604,1605,0
1605,1606,0
1606,1607,0
1607,1608,0
1608,1609,0
1609,1610,0
1610,1611,0
1611,1612,0
1612,1613,0
1613,1614,0
1614,1615,1
1615,1616,0
1616,1617,0
1617,1618,0
1618,1619,0
1619,1620,0
1620,1621,0
1621,1622,0
1622,1623,0
1623,1624,0
1624,1625,0
1625,1626,1
1626,1627,0
1627,1628,0
1628,1629,0
1629,1630,0
1630,1631,1
1631,1632,0
1632,1633,1
1633,1634,0
1634,1635,0
1635,1636,0
1636,1637,0
1637,1638,1
1638,1639,0
1639,1640,0
1640,1641,0
1641,1642,0
1642,1643,0
1643,1644,0
1644,1645,0
1645,1646,1
1646,1647,0
1647,1648,0
1648,1649,0
1649,1650,1
1650,1651,0
1651,1652,0
1652,1653,0
1653,1654,0
1654,1655,0
1655,1656,0
1656,1657,1
1657,1658,0
1658,1659,0
1659,1660,0
1660,1661,0
1661,1662,0
1662,1663,0
1663,1664,0
1664,1665,0
1665,1666,1
1666,1667,0
1667,1668,0
1668,1669,0
1669,1670,0
1670,1671,1
1671,1672,0
1672,1673,0
1673,1674,0
1674,1675,0
1675,1676,0
1676,1677,0
1677,1678,1
1678,1679,0
1679,1680,0
1680,1681,1
1681,1682,0
1682,1683,0
1683,1684,0
1684,1685,0
1685,1686,0
1686,1687,0
1687,1688,0
1688,1689,1
1689,1690,0
1690,1691,0
1691,1692,1
1692,1693,0
1693,1694,1
1694,1695,0
1695,1696,1
1696,1697,0
1697,1698,0
1698,1699,1
1699,1700,0
1700,1701,0
1701,1702,0
1702,1703,1
1703,1704,0
1704,1705,1
1705,1706,0
1706,1707,0
1707,1708,0
1708,1709,0
1709,1710,0
1710,1711,0
1711,1712,0
1712,1713,0
1713,1714,0
1714,1715,0
1715,1716,0
1716,1717,1
1717,1718,1
1718,1719,0
1719,1720,0
1720,1721,0
1721,1722,0
1722,1723,1
1723,1724,0
1724,1725,1
1725,1726,0
1726,1727,1
1727,1728,1
1728,1729,1
1729,1730,0
1730,1731,1
1731,1732,0
1732,1733,0
1733,1734,1
1734,1735,0
1735,1736,0
1736,1737,0
1737,1738,0
1738,1739,0
1739,1740,0
1740,1741,0
1741,1742,0
1742,1743,1
1743,1744,0
1744,1745,0
1745,1746,0
1746,1747,1
1747,1748,1
1748,1749,0
1749,1750,0
1750,1751,0
1751,1752,0
1752,1753,0
1753,1754,0
1754,1755,0
1755,1756,0
1756,1757,0
1757,1758,0
1758,1759,0
1759,1760,1
1760,1761,0
1761,1762,1
1762,1763,0
1763,1764,1
1764,1765,0
1765,1766,0
1766,1767,0
1767,1768,1
1768,1769,1
1769,1770,0
1770,1771,1
1771,1772,1
1772,1773,0
1773,1774,0
1774,1775,0
1775,1776,0
1776,1777,0
1777,1778,0
1778,1779,0
1779,1780,0
1780,1781,0
1781,1782,0
1782,1783,0
1783,1784,0
1784,1785,0
1785,1786,0
1786,1787,1
1787,1788,0
1788,1789,1
1789,1790,0
1790,1791,0
1791,1792,0
1792,1793,1
1793,1794,0
1794,1795,0
1795,1796,0
1796,1797,1
1797,1798,0
1798,1799,0
1799,1800,0
1800,1801,0
1801,1802,1
1802,1803,1
1803,1804,0
1804,1805,1
1805,1806,1
1806,1807,0
1807,1808,0
1808,1809,0
1809,1810,1
1810,1811,0
1811,1812,0
1812,1813,0
1813,1814,1
1814,1815,0
1815,1816,1
1816,1817,0
1817,1818,0
1818,1819,0
1819,1820,1
1820,1821,0
1821,1822,0
1822,1823,0
1823,1824,0
1824,1825,0
1825,1826,0
1826,1827,0
1827,1828,0
1828,1829,0
1829,1830,0
1830,1831,0
1831,1832,1
1832,1833,0
1833,1834,0
1834,1835,1
1835,1836,0
1836,1837,1
1837,1838,0
1838,1839,1
1839,1840,0
1840,1841,0
1841,1842,0
1842,1843,0
1843,1844,1
1844,1845,1
1845,1846,0
1846,1847,0
1847,1848,0
1848,1849,0
1849,1850,0
1850,1851,1
1851,1852,0
1852,1853,1
1853,1854,0
1854,1855,0
1855,1856,0
1856,1857,1
1857,1858,0
1858,1859,1
1859,1860,0
1860,1861,0
1861,1862,0
1862,1863,0
1863,1864,0
1864,1865,0
1865,1866,0
1866,1867,0
1867,1868,0
1868,1869,0
1869,1870,0
1870,1871,0
1871,1872,0
1872,1873,1
1873,1874,0
1874,1875,1
1875,1876,0
1876,1877,0
1877,1878,0
1878,1879,0
1879,1880,0
1880,1881,0
1881,1882,0
1882,1883,0
1883,1884,0
1884,1885,1
1885,1886,0
1886,1887,1
1887,1888,0
1888,1889,1
1889,1890,0
1890,1891,1
1891,1892,1
1892,1893,0
1893,1894,0
1894,1895,1
1895,1896,1
1896,1897,0
1897,1898,0
1898,1899,1
1899,1900,0
1900,1901,1
1901,1902,1
1902,1903,0
1903,1904,0
1904,1905,0
1905,1906,0
1906,1907,0
1907,1908,0
1908,1909,0
1909,1910,1
1910,1911,0
1911,1912,0
1912,1913,0
1913,1914,0
1914,1915,0
1915,1916,1
1916,1917,1
1917,1918,1
1918,1919,0
1919,1920,0
1920,1921,0
1921,1922,0
1922,1923,1
1923,1924,1
1924,1925,0
1925,1926,0
1926,1927,0
1927,1928,0
1928,1929,0
1929,1930,0
1930,1931,0
1931,1932,0
1932,1933,0
1933,1934,1
1934,1935,0
1935,1936,0
1936,1937,0
1937,1938,1
1938,1939,0
1939,1940,0
1940,1941,0
1941,1942,0
1942,1943,0
1943,1944,0
1944,1945,0
1945,1946,0
1946,1947,1
1947,1948,0
1948,1949,0
1949,1950,1
1950,1951,1
1951,1952,0
1952,1953,0
1953,1954,0
1954,1955,0
1955,1956,0
1956,1957,1
1957,1958,1
1958,1959,1
1959,1960,1
1960,1961,0
1961,1962,1
1962,1963,0
1963,1964,0
1964,1965,0
1965,1966,1
1966,1967,0
1967,1968,0
1968,1969,0
1969,1970,0
1970,1971,0
1971,1972,0
1972,1973,0
1973,1974,0
1974,1975,0
1975,1976,0
1976,1977,0
1977,1978,0
1978,1979,0
1979,1980,0
1980,1981,0
1981,1982,0
1982,1983,0
1983,1984,0
1984,1985,0
1985,1986,0
1986,1987,0
1987,1988,1
1988,1989,0
1989,1990,0
1990,1991,0
1991,1992,1
1992,1993,0
1993,1994,0
1994,1995,0
1995,1996,0
1996,1997,0
1997,1998,0
1998,1999,1
1999,2000,0
2000,2001,0
2001,2002,0
2002,2003,0
2003,2004,0
2004,2005,1
2005,2006,0
2006,2007,0
2007,2008,1
2008,2009,0
2009,2010,0
2010,2011,1
2011,2012,1
2012,2013,1
2013,2014,0
2014,2015,0
2015,2016,0
2016,2017,1
2017,2018,0
2018,2019,0
2019,2020,0
2020,2021,0
2021,2022,0
2022,2023,0
2023,2024,0
2024,2025,0
2025,2026,0
2026,2027,1
2027,2028,1
2028,2029,0
2029,2030,0
2030,2031,0
2031,2032,0
2032,2033,0
2033,2034,0
2034,2035,0
2035,2036,0
2036,2037,0
2037,2038,1
2038,2039,0
2039,2040,0
2040,2041,1
2041,2042,1
2042,2043,1
2043,2044,1
2044,2045,1
2045,2046,1
2046,2047,0
2047,2048,1
2048,2049,1
2049,2050,0
2050,2051,1
2051,2052,1
2052,2053,0
2053,2054,1
2054,2055,1
2055,2056,0
2056,2057,1
2057,2058,0
2058,2059,0
2059,2060,0
2060,2061,0
2061,2062,0
2062,2063,0
2063,2064,0
2064,2065,0
2065,2066,0
2066,2067,0
2067,2068,0
2068,2069,0
2069,2070,1
2070,2071,1
2071,2072,0
2072,2073,1
2073,2074,1
2074,2075,0
2075,2076,0
2076,2077,1
2077,2078,0
2078,2079,1
2079,2080,1
2080,2081,0
2081,2082,0
2082,2083,0
2083,2084,0
2084,2085,1
2085,2086,0
2086,2087,1
2087,2088,0
2088,2089,0
2089,2090,0
2090,2091,0
2091,2092,0
2092,2093,0
2093,2094,0
2094,2095,0
2095,2096,0
2096,2097,1
2097,2098,1
2098,2099,0
2099,2100,1
2100,2101,0
2101,2102,0
2102,2103,0
2103,2104,0
2104,2105,0
2105,2106,0
2106,2107,1
2107,2108,1
2108,2109,0
2109,2110,0
2110,2111,0
2111,2112,0
2112,2113,0
2113,2114,0
2114,2115,0
2115,2116,0
2116,2117,0
2117,2118,0
2118,2119,0
2119,2120,0
2120,2121,0
2121,2122,0
2122,2123,1
2123,2124,0
2124,2125,0
2125,2126,0
2126,2127,1
2127,2128,0
2128,2129,0
2129,2130,0
2130,2131,0
2131,2132,1
2132,2133,0
2133,2134,0
2134,2135,1
2135,2136,1
2136,2137,0
2137,2138,0
2138,2139,1
2139,2140,0
2140,2141,0
2141,2142,0
2142,2143,0
2143,2144,0
2144,2145,1
2145,2146,0
2146,2147,1
2147,2148,1
2148,2149,0
2149,2150,1
2150,2151,0
2151,2152,0
2152,2153,0
2153,2154,0
2154,2155,0
2155,2156,1
2156,2157,1
2157,2158,0
2158,2159,0
2159,2160,1
2160,2161,0
2161,2162,1
2162,2163,0
2163,2164,1
2164,2165,0
2165,2166,0
2166,2167,0
2167,2168,0
2168,2169,0
2169,2170,0
2170,2171,0
2171,2172,0
2172,2173,1
2173,2174,1
2174,2175,1
2175,2176,0
2176,2177,0
2177,2178,1
2178,2179,0
2179,2180,0
2180,2181,0
2181,2182,0
2182,2183,1
2183,2184,0
2184,2185,0
2185,2186,0
2186,2187,0
2187,2188,0
2188,2189,0
2189,2190,0
2190,2191,0
2191,2192,0
2192,2193,0
2193,2194,0
2194,2195,1
2195,2196,1
2196,2197,0
2197,2198,0
2198,2199,0
2199,2200,0
2200,2201,1
2201,2202,1
2202,2203,0
2203,2204,0
2204,2205,1
2205,2206,0
2206,2207,0
2207,2208,1
2208,2209,1
2209,2210,1
2210,2211,0
2211,2212,0
2212,2213,1
2213,2214,1
2214,2215,0
2215,2216,0
2216,2217,1
2217,2218,0
2218,2219,1
2219,2220,0
2220,2221,0
2221,2222,0
2222,2223,0
2223,2224,1
2224,2225,0
2225,2226,0
2226,2227,0
2227,2228,1
2228,2229,0
2229,2230,0
2230,2231,0
2231,2232,0
2232,2233,1
2233,2234,0
2234,2235,0
2235,2236,0
2236,2237,0
2237,2238,0
2238,2239,0
2239,2240,0
2240,2241,0
2241,2242,1
2242,2243,0
2243,2244,1
2244,2245,0
2245,2246,1
2246,2247,0
2247,2248,1
2248,2249,0
2249,2250,0
2250,2251,0
2251,2252,0
2252,2253,0
2253,2254,0
2254,2255,0
2255,2256,0
2256,2257,0
2257,2258,1
2258,2259,0
2259,2260,0
2260,2261,1
2261,2262,1
2262,2263,0
2263,2264,1
2264,2265,0
2265,2266,0
2266,2267,0
2267,2268,0
2268,2269,1
2269,2270,0
2270,2271,0
2271,2272,0
2272,2273,0
2273,2274,0
2274,2275,1
2275,2276,1
2276,2277,1
2277,2278,1
2278,2279,0
2279,2280,0
2280,2281,0
2281,2282,0
2282,2283,0
2283,2284,0
2284,2285,0
2285,2286,0
2286,2287,0
2287,2288,0
2288,2289,0
2289,2290,0
2290,2291,0
2291,2292,0
2292,2293,0
2293,2294,0
2294,2295,0
2295,2296,0
2296,2297,0
2297,2298,0
2298,2299,0
2299,2300,0
2300,2301,1
2301,2302,0
2302,2303,0
2303,2304,0
2304,2305,0
2305,2306,1
2306,2307,0
2307,2308,1
2308,2309,0
2309,2310,0
2310,2311,0
2311,2312,1
2312,2313,1
2313,2314,0
2314,2315,0
2315,2316,1
2316,2317,0
2317,2318,0
2318,2319,0
2319,2320,0
2320,2321,0
2321,2322,0
2322,2323,0
2323,2324,0
2324,2325,0
2325,2326,1
2326,2327,0
2327,2328,0
2328,2329,1
2329,2330,0
2330,2331,0
2331,2332,0
2332,2333,0
2333,2334,1
2334,2335,1
2335,2336,0
2336,2337,1
2337,2338,0
2338,2339,0
2339,2340,0
2340,2341,1
2341,2342,0
2342,2343,1
2343,2344,0
2344,2345,0
2345,2346,1
2346,2347,0
2347,2348,1
2348,2349,1
2349,2350,1
2350,2351,1
2351,2352,0
2352,2353,0
2353,2354,1
2354,2355,0
2355,2356,0
2356,2357,0
2357,2358,1
2358,2359,1
2359,2360,0
2360,2361,0
2361,2362,0
2362,2363,0
2363,2364,0
2364,2365,0
2365,2366,0
2366,2367,0
2367,2368,0
2368,2369,0
2369,2370,0
2370,2371,1
2371,2372,1
2372,2373,0
2373,2374,0
2374,2375,1
2375,2376,0
2376,2377,0
2377,2378,0
2378,2379,0
2379,2380,0
2380,2381,0
2381,2382,0
2382,2383,1
2383,2384,1
2384,2385,0
2385,2386,0
2386,2387,0
2387,2388,0
2388,2389,0
2389,2390,0
2390,2391,0
2391,2392,0
2392,2393,0
2393,2394,0
2394,2395,0
2395,2396,0
2396,2397,0
2397,2398,0
2398,2399,1
2399,2400,0
2400,2401,0
2401,2402,1
2402,2403,0
2403,2404,0
2404,2405,0
2405,2406,1
2406,2407,0
2407,2408,0
2408,2409,0
2409,2410,0
2410,2411,0
2411,2412,0
2412,2413,0
2413,2414,0
2414,2415,1
2415,2416,0
2416,2417,0
2417,2418,0
2418,2419,1
2419,2420,0
2420,2421,0
2421,2422,0
2422,2423,0
2423,2424,0
2424,2425,0
2425,2426,1
2426,2427,0
2427,2428,0
2428,2429,1
2429,2430,0
2430,2431,0
2431,2432,1
2432,2433,0
2433,2434,0
2434,2435,1
2435,2436,0
2436,2437,1
2437,2438,0
2438,2439,0
2439,2440,1
2440,2441,0
2441,2442,0
2442,2443,0
2443,2444,0
2444,2445,1
2445,2446,1
2446,2447,0
2447,2448,1
2448,2449,0
2449,2450,0
2450,2451,0
2451,2452,0
2452,2453,0
2453,2454,0
2454,2455,1
2455,2456,1
2456,2457,1
2457,2458,0
2458,2459,1
2459,2460,0
2460,2461,1
2461,2462,1
2462,2463,0
2463,2464,0
2464,2465,0
2465,2466,0
2466,2467,1
2467,2468,0
2468,2469,0
2469,2470,0
2470,2471,0
2471,2472,0
2472,2473,0
2473,2474,0
2474,2475,0
2475,2476,0
2476,2477,1
2477,2478,0
2478,2479,0
2479,2480,0
2480,2481,0
2481,2482,1
2482,2483,0
2483,2484,0
2484,2485,0
2485,2486,0
2486,2487,0
2487,2488,1
2488,2489,1
2489,2490,1
2490,2491,0
2491,2492,0
2492,2493,0
2493,2494,0
2494,2495,0
2495,2496,0
2496,2497,0
2497,2498,0
2498,2499,0
2499,2500,0
2500,2501,0
2501,2502,1
2502,2503,0
2503,2504,0
2504,2505,0
2505,2506,1
2506,2507,0
2507,2508,0
2508,2509,0
2509,2510,0
2510,2511,1
2511,2512,0
2512,2513,0
2513,2514,0
2514,2515,0
2515,2516,1
2516,2517,0
2517,2518,1
2518,2519,0
2519,2520,0
2520,2521,0
2521,2522,0
2522,2523,0
2523,2524,0
2524,2525,1
2525,2526,1
2526,2527,0
2527,2528,0
2528,2529,1
2529,2530,0
2530,2531,1
2531,2532,0
2532,2533,0
2533,2534,0
2534,2535,0
2535,2536,0
2536,2537,0
2537,2538,0
2538,2539,0
2539,2540,1
2540,2541,1
2541,2542,0
2542,2543,0
2543,2544,1
2544,2545,1
2545,2546,0
2546,2547,0
2547,2548,0
2548,2549,0
2549,2550,0
2550,2551,1
2551,2552,0
2552,2553,0
2553,2554,0
2554,2555,0
2555,2556,0
2556,2557,0
2557,2558,0
2558,2559,0
2559,2560,0
2560,2561,0
2561,2562,0
2562,2563,0
2563,2564,1
2564,2565,0
2565,2566,0
2566,2567,0
2567,2568,0
2568,2569,1
2569,2570,0
2570,2571,0
2571,2572,0
2572,2573,0
2573,2574,0
2574,2575,0
2575,2576,0
2576,2577,0
2577,2578,0
2578,2579,0
2579,2580,0
2580,2581,0
2581,2582,0
2582,2583,0
2583,2584,0
2584,2585,0
2585,2586,0
2586,2587,0
2587,2588,0
2588,2589,0
2589,2590,0
2590,2591,1
2591,2592,0
2592,2593,1
2593,2594,0
2594,2595,1
2595,2596,1
2596,2597,1
2597,2598,0
2598,2599,1
2599,2600,0
2600,2601,0
2601,2602,0
2602,2603,0
2603,2604,0
2604,2605,0
2605,2606,1
2606,2607,0
2607,2608,0
2608,2609,0
2609,2610,0
2610,2611,0
2611,2612,0
2612,2613,0
2613,2614,1
2614,2615,0
2615,2616,0
2616,2617,1
2617,2618,0
2618,2619,0
2619,2620,0
2620,2621,0
2621,2622,0
2622,2623,0
2623,2624,0
2624,2625,0
2625,2626,1
2626,2627,0
2627,2628,1
2628,2629,0
2629,2630,0
2630,2631,0
2631,2632,0
2632,2633,1
2633,2634,0
2634,2635,0
2635,2636,0
2636,2637,0
2637,2638,0
2638,2639,1
2639,2640,0
2640,2641,1
2641,2642,0
2642,2643,0
2643,2644,0
2644,2645,1
2645,2646,0
2646,2647,0
2647,2648,1
2648,2649,0
2649,2650,0
2650,2651,1
2651,2652,0
2652,2653,0
2653,2654,0
2654,2655,1
2655,2656,0
2656,2657,0
2657,2658,1
2658,2659,0
2659,2660,0
2660,2661,1
2661,2662,0
2662,2663,0
2663,2664,0
2664,2665,1
2665,2666,1
2666,2667,0
2667,2668,1
2668,2669,0
2669,2670,0
2670,2671,0
2671,2672,1
2672,2673,0
2673,2674,1
2674,2675,0
2675,2676,0
2676,2677,0
2677,2678,0
2678,2679,0
2679,2680,0
2680,2681,0
2681,2682,0
2682,2683,0
2683,2684,0
2684,2685,0
2685,2686,0
2686,2687,0
2687,2688,1
2688,2689,1
2689,2690,0
2690,2691,0
2691,2692,0
2692,2693,0
2693,2694,0
2694,2695,0
2695,2696,0
2696,2697,0
2697,2698,0
2698,2699,0
2699,2700,0
2700,2701,0
2701,2702,0
2702,2703,0
2703,2704,0
2704,2705,1
2705,2706,0
2706,2707,0
2707,2708,0
2708,2709,0
2709,2710,0
2710,2711,0
2711,2712,1
2712,2713,0
2713,2714,0
2714,2715,0
2715,2716,0
2716,2717,0
2717,2718,0
2718,2719,0
2719,2720,0
2720,2721,0
2721,2722,0
2722,2723,0
2723,2724,1
2724,2725,0
2725,2726,0
2726,2727,1
2727,2728,0
2728,2729,0
2729,2730,1
2730,2731,1
2731,2732,0
2732,2733,0
2733,2734,1
2734,2735,0
2735,2736,0
2736,2737,0
2737,2738,1
2738,2739,0
2739,2740,0
2740,2741,1
2741,2742,0
2742,2743,0
2743,2744,0
2744,2745,1
2745,2746,0
2746,2747,0
2747,2748,0
2748,2749,0
2749,2750,0
2750,2751,0
2751,2752,0
2752,2753,1
2753,2754,0
2754,2755,1
2755,2756,0
2756,2757,1
2757,2758,0
2758,2759,0
2759,2760,0
2760,2761,0
2761,2762,0
2762,2763,0
2763,2764,0
2764,2765,0
2765,2766,0
2766,2767,0
2767,2768,0
2768,2769,0
2769,2770,0
2770,2771,1
2771,2772,1
2772,2773,0
2773,2774,0
2774,2775,0
2775,2776,1
2776,2777,0
2777,2778,0
2778,2779,0
2779,2780,1
2780,2781,0
2781,2782,1
2782,2783,0
2783,2784,1
2784,2785,0
2785,2786,0
2786,2787,0
2787,2788,0
2788,2789,1
2789,2790,1
2790,2791,0
2791,2792,0
2792,2793,0
2793,2794,1
2794,2795,0
2795,2796,0
2796,2797,1
2797,2798,0
2798,2799,0
2799,2800,0
2800,2801,0
2801,2802,0
2802,2803,0
2803,2804,0
2804,2805,0
2805,2806,0
2806,2807,0
2807,2808,0
2808,2809,1
2809,2810,0
2810,2811,0
2811,2812,0
2812,2813,1
2813,2814,1
2814,2815,0
2815,2816,0
2816,2817,0
2817,2818,0
2818,2819,0
2819,2820,0
2820,2821,0
2821,2822,0
2822,2823,0
2823,2824,0
2824,2825,0
2825,2826,1
2826,2827,0
2827,2828,0
2828,2829,0
2829,2830,0
2830,2831,0
2831,2832,0
2832,2833,0
2833,2834,0
2834,2835,1
2835,2836,0
2836,2837,0
2837,2838,0
2838,2839,1
2839,2840,0
2840,2841,0
2841,2842,0
2842,2843,1
2843,2844,1
2844,2845,0
2845,2846,0
2846,2847,0
2847,2848,0
2848,2849,0
2849,2850,0
2850,2851,0
2851,2852,0
2852,2853,1
2853,2854,0
2854,2855,1
2855,2856,0
2856,2857,0
2857,2858,0
2858,2859,0
2859,2860,0
2860,2861,0
2861,2862,1
2862,2863,1
2863,2864,0
2864,2865,1
2865,2866,0
2866,2867,0
2867,2868,0
2868,2869,0
2869,2870,0
2870,2871,1
2871,2872,0
2872,2873,0
2873,2874,0
2874,2875,1
2875,2876,0
2876,2877,0
2877,2878,0
2878,2879,0
2879,2880,1
2880,2881,0
2881,2882,0
2882,2883,0
2883,2884,0
2884,2885,0
2885,2886,0
2886,2887,0
2887,2888,0
2888,2889,0
2889,2890,0
2890,2891,0
2891,2892,0
2892,2893,0
2893,2894,1
2894,2895,0
2895,2896,0
2896,2897,1
2897,2898,1
2898,2899,1
2899,2900,0
2900,2901,0
2901,2902,1
2902,2903,0
2903,2904,0
2904,2905,0
2905,2906,0
2906,2907,0
2907,2908,0
2908,2909,1
2909,2910,0
2910,2911,0
2911,2912,0
2912,2913,0
2913,2914,0
2914,2915,0
2915,2916,1
2916,2917,0
2917,2918,1
2918,2919,0
2919,2920,0
2920,2921,0
2921,2922,0
2922,2923,0
2923,2924,0
2924,2925,0
2925,2926,0
2926,2927,0
2927,2928,0
2928,2929,0
2929,2930,0
2930,2931,0
2931,2932,1
2932,2933,0
2933,2934,1
2934,2935,0
2935,2936,1
2936,2937,0
2937,2938,0
2938,2939,0
2939,2940,1
2940,2941,0
2941,2942,0
2942,2943,0
2943,2944,0
2944,2945,0
2945,2946,1
2946,2947,0
2947,2948,0
2948,2949,0
2949,2950,0
2950,2951,1
2951,2952,1
2952,2953,0
2953,2954,1
2954,2955,0
2955,2956,1
2956,2957,0
2957,2958,0
2958,2959,1
2959,2960,0
2960,2961,0
2961,2962,0
2962,2963,1
2963,2964,0
2964,2965,1
2965,2966,0
2966,2967,0
2967,2968,0
2968,2969,0
2969,2970,0
2970,2971,0
2971,2972,0
2972,2973,0
2973,2974,0
2974,2975,1
2975,2976,0
2976,2977,0
2977,2978,0
2978,2979,0
2979,2980,0
2980,2981,0
2981,2982,0
2982,2983,1
2983,2984,1
2984,2985,0
2985,2986,1
2986,2987,0
2987,2988,0
2988,2989,0
2989,2990,0
2990,2991,0
2991,2992,0
2992,2993,0
2993,2994,1
2994,2995,0
2995,2996,1
2996,2997,0
2997,2998,1
2998,2999,0
2999,3000,0
3000,3001,1
3001,3002,0
3002,3003,0
3003,3004,0
3004,3005,0
3005,3006,0
3006,3007,0
3007,3008,0
3008,3009,0
3009,3010,0
3010,3011,0
3011,3012,0
3012,3013,1
3013,3014,1
3014,3015,0
3015,3016,0
3016,3017,0
3017,3018,1
3018,3019,1
3019,3020,0
3020,3021,0
3021,3022,0
3022,3023,0
3023,3024,1
3024,3025,0
3025,3026,0
3026,3027,1
3027,3028,0
3028,3029,1
3029,3030,0
3030,3031,0
3031,3032,0
3032,3033,0
3033,3034,0
3034,3035,0
3035,3036,1
3036,3037,0
3037,3038,0
3038,3039,0
3039,3040,0
3040,3041,0
3041,3042,0
3042,3043,1
3043,3044,0
3044,3045,1
3045,3046,1
3046,3047,0
3047,3048,0
3048,3049,0
3049,3050,1
3050,3051,0
3051,3052,0
3052,3053,1
3053,3054,0
3054,3055,0
3055,3056,1
3056,3057,0
3057,3058,0
3058,3059,0
3059,3060,0
3060,3061,0
3061,3062,0
3062,3063,0
3063,3064,0
3064,3065,0
3065,3066,0
3066,3067,1
3067,3068,0
3068,3069,0
3069,3070,1
3070,3071,0
3071,3072,0
3072,3073,1
3073,3074,0
3074,3075,0
3075,3076,0
3076,3077,1
3077,3078,0
3078,3079,0
3079,3080,0
3080,3081,1
3081,3082,1
3082,3083,0
3083,3084,1
3084,3085,0
3085,3086,0
3086,3087,0
3087,3088,1
3088,3089,0
3089,3090,0
3090,3091,0
3091,3092,0
3092,3093,1
3093,3094,0
3094,3095,0
3095,3096,0
3096,3097,0
3097,3098,0
3098,3099,1
3099,3100,1
3100,3101,1
3101,3102,0
3102,3103,1
3103,3104,0
3104,3105,0
3105,3106,0
3106,3107,0
3107,3108,0
3108,3109,1
3109,3110,0
3110,3111,0
3111,3112,1
3112,3113,0
3113,3114,0
3114,3115,1
3115,3116,1
3116,3117,0
3117,3118,0
3118,3119,1
3119,3120,1
3120,3121,0
3121,3122,0
3122,3123,0
3123,3124,1
3124,3125,0
3125,3126,0
3126,3127,0
3127,3128,0
3128,3129,0
3129,3130,1
3130,3131,0
3131,3132,0
3132,3133,0
3133,3134,0
3134,3135,0
3135,3136,0
3136,3137,1
3137,3138,0
3138,3139,0
3139,3140,1
3140,3141,1
3141,3142,1
3142,3143,0
3143,3144,0
3144,3145,0
3145,3146,0
3146,3147,0
3147,3148,0
3148,3149,0
3149,3150,0
3150,3151,0
3151,3152,1
3152,3153,1
3153,3154,0
3154,3155,0
3155,3156,0
3156,3157,0
3157,3158,1
3158,3159,0
3159,3160,0
3160,3161,0
3161,3162,0
3162,3163,0
3163,3164,1
3164,3165,0
3165,3166,1
3166,3167,0
3167,3168,0
3168,3169,0
3169,3170,0
3170,3171,0
3171,3172,0
3172,3173,0
3173,3174,0
3174,3175,0
3175,3176,0
3176,3177,0
3177,3178,0
3178,3179,0
3179,3180,0
3180,3181,0
3181,3182,0
3182,3183,0
3183,3184,0
3184,3185,0
3185,3186,0
3186,3187,0
3187,3188,1
3188,3189,0
3189,3190,0
3190,3191,0
3191,3192,0
3192,3193,0
3193,3194,0
3194,3195,0
3195,3196,0
3196,3197,0
3197,3198,0
3198,3199,1
3199,3200,0
3200,3201,1
3201,3202,0
3202,3203,0
3203,3204,0
3204,3205,0
3205,3206,0
3206,3207,1
3207,3208,0
3208,3209,0
3209,3210,0
3210,3211,0
3211,3212,0
3212,3213,1
3213,3214,0
3214,3215,0
3215,3216,0
3216,3217,1
3217,3218,0
3218,3219,0
3219,3220,0
3220,3221,0
3221,3222,0
3222,3223,1
3223,3224,0
3224,3225,0
3225,3226,0
3226,3227,1
3227,3228,1
3228,3229,0
3229,3230,1
3230,3231,0
3231,3232,1
3232,3233,0
3233,3234,0
3234,3235,0
3235,3236,0
3236,3237,0
3237,3238,0
3238,3239,0
3239,3240,0
3240,3241,0
3241,3242,1
3242,3243,0
3243,3244,0
3244,3245,0
3245,3246,0
3246,3247,0
3247,3248,0
3248,3249,0
3249,3250,0
3250,3251,0
3251,3252,0
3252,3253,0
3253,3254,0
3254,3255,0
3255,3256,0
3256,3257,1
3257,3258,1
3258,3259,0
3259,3260,0
3260,3261,0
3261,3262,1
3262,3263,0
3263,3264,1
3264,3265,0
3265,3266,0
3266,3267,0
3267,3268,0
3268,3269,0
3269,3270,0
3270,3271,0
3271,3272,1
3272,3273,0
3273,3274,0
3274,3275,1
3275,3276,0
3276,3277,0
3277,3278,1
3278,3279,0
3279,3280,1
3280,3281,0
3281,3282,0
3282,3283,0
3283,3284,0
3284,3285,1
3285,3286,0
3286,3287,0
3287,3288,0
3288,3289,0
3289,3290,0
3290,3291,0
3291,3292,0
3292,3293,1
3293,3294,0
3294,3295,0
3295,3296,0
3296,3297,1
3297,3298,0
3298,3299,0
3299,3300,0
3300,3301,0
3301,3302,0
3302,3303,0
3303,3304,0
3304,3305,1
3305,3306,0
3306,3307,0
3307,3308,0
3308,3309,0
3309,3310,0
3310,3311,0
3311,3312,0
3312,3313,0
3313,3314,0
3314,3315,0
3315,3316,1
3316,3317,0
3317,3318,0
3318,3319,0
3319,3320,0
3320,3321,0
3321,3322,0
3322,3323,0
3323,3324,0
3324,3325,1
3325,3326,0
3326,3327,0
3327,3328,0
3328,3329,0
3329,3330,0
3330,3331,0
3331,3332,0
3332,3333,0
3333,3334,0
3334,3335,0
3335,3336,0
3336,3337,0
3337,3338,0
3338,3339,1
3339,3340,0
3340,3341,0
3341,3342,0
3342,3343,1
3343,3344,0
3344,3345,0
3345,3346,1
3346,3347,1
3347,3348,0
3348,3349,0
3349,3350,0
3350,3351,0
3351,3352,0
3352,3353,0
3353,3354,0
3354,3355,0
3355,3356,1
3356,3357,0
3357,3358,0
3358,3359,1
3359,3360,1
3360,3361,0
3361,3362,0
3362,3363,0
3363,3364,0
3364,3365,0
3365,3366,0
3366,3367,1
3367,3368,0
3368,3369,0
3369,3370,0
3370,3371,1
3371,3372,1
3372,3373,0
3373,3374,0
3374,3375,0
3375,3376,1
3376,3377,0
3377,3378,0
3378,3379,0
3379,3380,0
3380,3381,0
3381,3382,1
3382,3383,0
3383,3384,0
3384,3385,0
3385,3386,0
3386,3387,1
3387,3388,0
3388,3389,0
3389,3390,0
3390,3391,0
3391,3392,0
3392,3393,0
3393,3394,0
3394,3395,0
3395,3396,0
3396,3397,0
3397,3398,0
3398,3399,0
3399,3400,0
3400,3401,1
3401,3402,0
3402,3403,1
3403,3404,1
3404,3405,0
3405,3406,0
3406,3407,1
3407,3408,0
3408,3409,0
3409,3410,0
3410,3411,0
3411,3412,1
3412,3413,0
3413,3414,0
3414,3415,0
3415,3416,0
3416,3417,1
3417,3418,0
3418,3419,0
3419,3420,0
3420,3421,0
3421,3422,0
3422,3423,0
3423,3424,0
3424,3425,1
3425,3426,0
3426,3427,0
3427,3428,0
3428,3429,0
3429,3430,1
3430,3431,1
3431,3432,0
3432,3433,1
3433,3434,0
3434,3435,0
3435,3436,1
3436,3437,0
3437,3438,0
3438,3439,0
3439,3440,0
3440,3441,0
3441,3442,1
3442,3443,0
3443,3444,0
3444,3445,0
3445,3446,0
3446,3447,0
3447,3448,0
3448,3449,0
3449,3450,0
3450,3451,0
3451,3452,0
3452,3453,0
3453,3454,0
3454,3455,0
3455,3456,0
3456,3457,1
3457,3458,1
3458,3459,0
3459,3460,0
3460,3461,1
3461,3462,0
3462,3463,0
3463,3464,0
3464,3465,0
3465,3466,1
3466,3467,0
3467,3468,0
3468,3469,0
3469,3470,0
3470,3471,0
3471,3472,1
3472,3473,1
3473,3474,0
3474,3475,1
3475,3476,0
3476,3477,1
3477,3478,0
3478,3479,0
3479,3480,0
3480,3481,0
3481,3482,0
3482,3483,0
3483,3484,0
3484,3485,0
3485,3486,1
3486,3487,0
3487,3488,0
3488,3489,1
3489,3490,1
3490,3491,0
3491,3492,0
3492,3493,1
3493,3494,1
3494,3495,0
3495,3496,0
3496,3497,0
3497,3498,0
3498,3499,0
3499,3500,1
3500,3501,1
3501,3502,0
3502,3503,0
3503,3504,0
3504,3505,0
3505,3506,0
3506,3507,1
3507,3508,0
3508,3509,0
3509,3510,1
3510,3511,1
3511,3512,1
3512,3513,0
3513,3514,0
3514,3515,0
3515,3516,0
3516,3517,0
3517,3518,1
3518,3519,0
3519,3520,1
3520,3521,0
3521,3522,0
3522,3523,0
3523,3524,0
3524,3525,0
3525,3526,0
3526,3527,0
3527,3528,0
3528,3529,0
3529,3530,0
3530,3531,0
3531,3532,0
3532,3533,1
3533,3534,0
3534,3535,0
3535,3536,1
3536,3537,0
3537,3538,0
3538,3539,1
3539,3540,0
3540,3541,0
3541,3542,0
3542,3543,0
3543,3544,0
3544,3545,0
3545,3546,0
3546,3547,0
3547,3548,0
3548,3549,0
3549,3550,0
3550,3551,0
3551,3552,0
3552,3553,0
3553,3554,0
3554,3555,0
3555,3556,0
3556,3557,1
3557,3558,0
3558,3559,1
3559,3560,0
3560,3561,0
3561,3562,0
3562,3563,0
3563,3564,0
3564,3565,0
3565,3566,0
3566,3567,0
3567,3568,0
3568,3569,1
3569,3570,0
3570,3571,0
3571,3572,0
3572,3573,1
3573,3574,0
3574,3575,0
3575,3576,0
3576,3577,0
3577,3578,0
3578,3579,1
3579,3580,0
3580,3581,0
3581,3582,0
3582,3583,0
3583,3584,0
3584,3585,0
3585,3586,1
3586,3587,1
3587,3588,0
3588,3589,1
3589,3590,0
3590,3591,0
3591,3592,0
3592,3593,0
3593,3594,0
3594,3595,0
3595,3596,0
3596,3597,0
3597,3598,0
3598,3599,0
3599,3600,0
3600,3601,1
3601,3602,0
3602,3603,0
3603,3604,0
3604,3605,0
3605,3606,0
3606,3607,0
3607,3608,0
3608,3609,0
3609,3610,0
3610,3611,0
3611,3612,0
3612,3613,0
3613,3614,0
3614,3615,0
3615,3616,0
3616,3617,1
3617,3618,0
3618,3619,0
3619,3620,0
3620,3621,0
3621,3622,1
3622,3623,1
3623,3624,1
3624,3625,0
3625,3626,0
3626,3627,0
3627,3628,0
3628,3629,0
3629,3630,0
3630,3631,0
3631,3632,1
3632,3633,0
3633,3634,0
3634,3635,1
3635,3636,0
3636,3637,0
3637,3638,1
3638,3639,0
3639,3640,1
3640,3641,0
3641,3642,0
3642,3643,1
3643,3644,0
3644,3645,0
3645,3646,0
3646,3647,0
3647,3648,0
3648,3649,0
3649,3650,0
3650,3651,0
3651,3652,1
3652,3653,0
3653,3654,0
3654,3655,0
3655,3656,1
3656,3657,1
3657,3658,1
3658,3659,0
3659,3660,1
3660,3661,0
3661,3662,1
3662,3663,0
3663,3664,0
3664,3665,0
3665,3666,0
3666,3667,0
3667,3668,0
3668,3669,0
3669,3670,0
3670,3671,0
3671,3672,0
3672,3673,0
3673,3674,1
3674,3675,0
3675,3676,0
3676,3677,1
3677,3678,0
3678,3679,0
3679,3680,0
3680,3681,0
3681,3682,0
3682,3683,0
3683,3684,0
3684,3685,0
3685,3686,0
3686,3687,0
3687,3688,0
3688,3689,0
3689,3690,0
3690,3691,1
3691,3692,1
3692,3693,0
3693,3694,1
3694,3695,0
3695,3696,0
3696,3697,0
3697,3698,0
3698,3699,0
3699,3700,0
3700,3701,1
3701,3702,1
3702,3703,1
3703,3704,0
3704,3705,1
3705,3706,0
3706,3707,0
3707,3708,0
3708,3709,0
3709,3710,0
3710,3711,0
3711,3712,0
3712,3713,0
3713,3714,0
3714,3715,0
3715,3716,0
3716,3717,0
3717,3718,0
3718,3719,0
3719,3720,0
3720,3721,0
3721,3722,0
3722,3723,1
3723,3724,0
3724,3725,0
3725,3726,1
3726,3727,0
3727,3728,1
3728,3729,0
3729,3730,0
3730,3731,0
3731,3732,0
3732,3733,1
3733,3734,0
3734,3735,0
3735,3736,1
3736,3737,0
3737,3738,0
3738,3739,0
3739,3740,1
3740,3741,1
3741,3742,0
3742,3743,0
3743,3744,0
3744,3745,0
3745,3746,0
3746,3747,0
3747,3748,1
3748,3749,1
3749,3750,0
3750,3751,0
3751,3752,0
3752,3753,0
3753,3754,1
3754,3755,0
3755,3756,0
3756,3757,0
3757,3758,1
3758,3759,0
3759,3760,0
3760,3761,1
3761,3762,0
3762,3763,0
3763,3764,0
3764,3765,0
3765,3766,0
3766,3767,1
3767,3768,0
3768,3769,0
3769,3770,1
3770,3771,0
3771,3772,0
3772,3773,0
3773,3774,1
3774,3775,0
3775,3776,0
3776,3777,0
3777,3778,1
3778,3779,0
3779,3780,0
3780,3781,0
3781,3782,0
3782,3783,0
3783,3784,1
3784,3785,0
3785,3786,0
3786,3787,0
3787,3788,0
3788,3789,0
3789,3790,1
3790,3791,0
3791,3792,0
3792,3793,1
3793,3794,1
3794,3795,1
3795,3796,0
3796,3797,0
3797,3798,0
3798,3799,0
3799,3800,0
3800,3801,1
3801,3802,0
3802,3803,1
3803,3804,0
3804,3805,0
3805,3806,0
3806,3807,0
3807,3808,0
3808,3809,0
3809,3810,0
3810,3811,1
3811,3812,0
3812,3813,1
3813,3814,0
3814,3815,0
3815,3816,0
3816,3817,0
3817,3818,1
3818,3819,0
3819,3820,0
3820,3821,0
3821,3822,0
3822,3823,0
3823,3824,0
3824,3825,1
3825,3826,0
3826,3827,0
3827,3828,0
3828,3829,1
3829,3830,0
3830,3831,1
3831,3832,0
3832,3833,0
3833,3834,0
3834,3835,0
3835,3836,1
3836,3837,0
3837,3838,0
3838,3839,0
3839,3840,0
3840,3841,0
3841,3842,0
3842,3843,0
3843,3844,0
3844,3845,1
3845,3846,0
3846,3847,0
3847,3848,0
3848,3849,1
3849,3850,0
3850,3851,0
3851,3852,0
3852,3853,0
3853,3854,0
3854,3855,1
3855,3856,0
3856,3857,0
3857,3858,0
3858,3859,0
3859,3860,0
3860,3861,0
3861,3862,0
3862,3863,0
3863,3864,0
3864,3865,0
3865,3866,1
3866,3867,0
3867,3868,0
3868,3869,1
3869,3870,0
3870,3871,1
3871,3872,0
3872,3873,1
3873,3874,0
3874,3875,0
3875,3876,0
3876,3877,0
3877,3878,0
3878,3879,0
3879,3880,0
3880,3881,0
3881,3882,1
3882,3883,0
3883,3884,0
3884,3885,0
3885,3886,0
3886,3887,1
3887,3888,0
3888,3889,0
3889,3890,0
3890,3891,0
3891,3892,0
3892,3893,0
3893,3894,0
3894,3895,0
3895,3896,1
3896,3897,0
3897,3898,0
3898,3899,0
3899,3900,0
3900,3901,0
3901,3902,0
3902,3903,1
3903,3904,1
3904,3905,0
3905,3906,1
3906,3907,1
3907,3908,0
3908,3909,0
3909,3910,0
3910,3911,0
3911,3912,0
3912,3913,0
3913,3914,0
3914,3915,1
3915,3916,0
3916,3917,0
3917,3918,1
3918,3919,0
3919,3920,1
3920,3921,1
3921,3922,0
3922,3923,1
3923,3924,0
3924,3925,0
3925,3926,0
3926,3927,0
3927,3928,0
3928,3929,0
3929,3930,0
3930,3931,0
3931,3932,0
3932,3933,1
3933,3934,0
3934,3935,0
3935,3936,0
3936,3937,0
3937,3938,0
3938,3939,0
3939,3940,0
3940,3941,1
3941,3942,0
3942,3943,0
3943,3944,0
3944,3945,0
3945,3946,0
3946,3947,0
3947,3948,0
3948,3949,0
3949,3950,0
3950,3951,0
3951,3952,0
3952,3953,0
3953,3954,0
3954,3955,0
3955,3956,0
3956,3957,0
3957,3958,0
3958,3959,0
3959,3960,1
3960,3961,0
3961,3962,1
3962,3963,0
3963,3964,0
3964,3965,1
3965,3966,0
3966,3967,0
3967,3968,0
3968,3969,1
3969,3970,0
3970,3971,0
3971,3972,0
3972,3973,0
3973,3974,0
3974,3975,0
3975,3976,0
3976,3977,1
3977,3978,0
3978,3979,0
3979,3980,0
3980,3981,1
3981,3982,0
3982,3983,0
3983,3984,0
3984,3985,0
3985,3986,0
3986,3987,0
3987,3988,1
3988,3989,0
3989,3990,0
3990,3991,0
3991,3992,0
3992,3993,0
3993,3994,0
3994,3995,0
3995,3996,0
3996,3997,0
3997,3998,1
3998,3999,0
3999,4000,0
4000,4001,0
4001,4002,0
4002,4003,1
4003,4004,0
4004,4005,1
4005,4006,0
4006,4007,0
4007,4008,1
4008,4009,0
4009,4010,0
4010,4011,0
4011,4012,0
4012,4013,0
4013,4014,0
4014,4015,1
4015,4016,0
4016,4017,1
4017,4018,0
4018,4019,0
4019,4020,0
4020,4021,0
4021,4022,1
4022,4023,0
4023,4024,1
4024,4025,1
4025,4026,0
4026,4027,0
4027,4028,0
4028,4029,1
4029,4030,1
4030,4031,0
4031,4032,0
4032,4033,0
4033,4034,0
4034,4035,0
4035,4036,0
4036,4037,0
4037,4038,0
4038,4039,0
4039,4040,0
4040,4041,0
4041,4042,1
4042,4043,1
4043,4044,0
4044,4045,0
4045,4046,0
4046,4047,1
4047,4048,0
4048,4049,0
4049,4050,1
4050,4051,0
4051,4052,0
4052,4053,0
4053,4054,0
4054,4055,0
4055,4056,0
4056,4057,0
4057,4058,0
4058,4059,1
4059,4060,1
4060,4061,0
4061,4062,1
4062,4063,0
4063,4064,1
4064,4065,1
4065,4066,0
4066,4067,0
4067,4068,1
4068,4069,0
4069,4070,0
4070,4071,1
4071,4072,0
4072,4073,0
4073,4074,0
4074,4075,0
4075,4076,1
4076,4077,1
4077,4078,1
4078,4079,1
4079,4080,0
4080,4081,0
4081,4082,0
4082,4083,1
4083,4084,0
4084,4085,0
4085,4086,0
4086,4087,1
4087,4088,1
4088,4089,0
4089,4090,0
4090,4091,0
4091,4092,1
4092,4093,0
4093,4094,0
4094,4095,1
4095,4096,1
4096,4097,0
4097,4098,0
4098,4099,0
4099,4100,0
4100,4101,0
4101,4102,1
4102,4103,0
4103,4104,0
4104,4105,0
4105,4106,0
4106,4107,0
4107,4108,0
4108,4109,0
4109,4110,0
4110,4111,0
4111,4112,1
4112,4113,0
4113,4114,0
4114,4115,1
4115,4116,1
4116,4117,0
4117,4118,0
4118,4119,1
4119,4120,0
4120,4121,0
4121,4122,1
4122,4123,0
4123,4124,1
4124,4125,0
4125,4126,0
4126,4127,0
4127,4128,0
4128,4129,0
4129,4130,1
4130,4131,0
4131,4132,1
4132,4133,0
4133,4134,0
4134,4135,1
4135,4136,1
4136,4137,0
4137,4138,0
4138,4139,0
4139,4140,0
4140,4141,1
4141,4142,0
4142,4143,0
4143,4144,0
4144,4145,0
4145,4146,0
4146,4147,1
4147,4148,1
4148,4149,0
4149,4150,0
4150,4151,0
4151,4152,0
4152,4153,0
4153,4154,1
4154,4155,0
4155,4156,1
4156,4157,0
4157,4158,0
4158,4159,0
4159,4160,0
4160,4161,0
4161,4162,0
4162,4163,1
4163,4164,1
4164,4165,0
4165,4166,0
4166,4167,0
4167,4168,0
4168,4169,0
4169,4170,1
4170,4171,1
4171,4172,1
4172,4173,0
4173,4174,0
4174,4175,0
4175,4176,0
4176,4177,1
4177,4178,0
4178,4179,0
4179,4180,0
4180,4181,0
4181,4182,0
4182,4183,0
4183,4184,0
4184,4185,0
4185,4186,0
4186,4187,1
4187,4188,0
4188,4189,1
4189,4190,0
4190,4191,0
4191,4192,0
4192,4193,0
4193,4194,0
4194,4195,1
4195,4196,0
4196,4197,1
4197,4198,0
4198,4199,0
4199,4200,0
4200,4201,1
4201,4202,0
4202,4203,0
4203,4204,0
4204,4205,0
4205,4206,0
4206,4207,0
4207,4208,1
4208,4209,0
4209,4210,1
4210,4211,1
4211,4212,0
4212,4213,1
4213,4214,0
4214,4215,0
4215,4216,0
4216,4217,0
4217,4218,0
4218,4219,1
4219,4220,0
4220,4221,1
4221,4222,0
4222,4223,0
4223,4224,0
4224,4225,1
4225,4226,0
4226,4227,0
4227,4228,0
4228,4229,1
4229,4230,0
4230,4231,0
4231,4232,0
4232,4233,0
4233,4234,0
4234,4235,0
4235,4236,0
4236,4237,0
4237,4238,1
4238,4239,0
4239,4240,1
4240,4241,0
4241,4242,0
4242,4243,1
4243,4244,0
4244,4245,0
4245,4246,0
4246,4247,0
4247,4248,0
4248,4249,0
4249,4250,1
4250,4251,0
4251,4252,0
4252,4253,0
4253,4254,0
4254,4255,1
4255,4256,0
4256,4257,0
4257,4258,0
4258,4259,0
4259,4260,0
4260,4261,1
4261,4262,0
4262,4263,0
4263,4264,1
4264,4265,0
4265,4266,0
4266,4267,1
4267,4268,0
4268,4269,0
4269,4270,0
4270,4271,0
4271,4272,0
4272,4273,0
4273,4274,0
4274,4275,0
4275,4276,0
4276,4277,1
4277,4278,0
4278,4279,0
4279,4280,0
4280,4281,0
4281,4282,1
4282,4283,0
4283,4284,1
4284,4285,1
4285,4286,1
4286,4287,0
4287,4288,1
4288,4289,0
4289,4290,0
4290,4291,1
4291,4292,0
4292,4293,0
4293,4294,0
4294,4295,0
4295,4296,1
4296,4297,1
4297,4298,0
4298,4299,1
4299,4300,1
4300,4301,0
4301,4302,0
4302,4303,1
4303,4304,0
4304,4305,0
4305,4306,0
4306,4307,0
4307,4308,0
4308,4309,0
4309,4310,0
4310,4311,0
4311,4312,1
4312,4313,0
4313,4314,1
4314,4315,0
4315,4316,0
4316,4317,1
4317,4318,0
4318,4319,0
4319,4320,1
4320,4321,0
4321,4322,0
4322,4323,1
4323,4324,0
4324,4325,0
4325,4326,0
4326,4327,0
4327,4328,0
4328,4329,1
4329,4330,1
4330,4331,1
4331,4332,0
4332,4333,0
4333,4334,0
4334,4335,1
4335,4336,0
4336,4337,0
4337,4338,1
4338,4339,0
4339,4340,0
4340,4341,0
4341,4342,0
4342,4343,1
4343,4344,0
4344,4345,0
4345,4346,0
4346,4347,0
4347,4348,0
4348,4349,0
4349,4350,0
4350,4351,0
4351,4352,1
4352,4353,0
4353,4354,1
4354,4355,0
4355,4356,1
4356,4357,1
4357,4358,0
4358,4359,0
4359,4360,0
4360,4361,0
4361,4362,0
4362,4363,0
4363,4364,1
4364,4365,0
4365,4366,0
4366,4367,0
4367,4368,0
4368,4369,0
4369,4370,0
4370,4371,0
4371,4372,0
4372,4373,0
4373,4374,0
4374,4375,1
4375,4376,0
4376,4377,0
4377,4378,1
4378,4379,0
4379,4380,0
4380,4381,0
4381,4382,0
4382,4383,0
4383,4384,0
4384,4385,1
4385,4386,0
4386,4387,1
4387,4388,1
4388,4389,0
4389,4390,0
4390,4391,0
4391,4392,0
4392,4393,0
4393,4394,0
4394,4395,0
4395,4396,0
4396,4397,0
4397,4398,0
4398,4399,0
4399,4400,1
4400,4401,0
4401,4402,0
4402,4403,1
4403,4404,0
4404,4405,0
4405,4406,0
4406,4407,0
4407,4408,0
4408,4409,0
4409,4410,0
4410,4411,1
4411,4412,0
4412,4413,0
4413,4414,0
4414,4415,1
4415,4416,0
4416,4417,1
4417,4418,1
4418,4419,0
4419,4420,0
4420,4421,0
4421,4422,0
4422,4423,0
4423,4424,0
4424,4425,1
4425,4426,1
4426,4427,0
4427,4428,0
4428,4429,0
4429,4430,0
4430,4431,0
4431,4432,1
4432,4433,0
4433,4434,0
4434,4435,1
4435,4436,0
4436,4437,0
4437,4438,0
4438,4439,0
4439,4440,0
4440,4441,0
4441,4442,0
4442,4443,0
4443,4444,0
4444,4445,0
4445,4446,1
4446,4447,0
4447,4448,1
4448,4449,1
4449,4450,0
4450,4451,1
4451,4452,1
4452,4453,1
4453,4454,0
4454,4455,0
4455,4456,0
4456,4457,1
4457,4458,0
4458,4459,0
4459,4460,0
4460,4461,0
4461,4462,0
4462,4463,0
4463,4464,0
4464,4465,0
4465,4466,0
4466,4467,1
4467,4468,0
4468,4469,1
4469,4470,1
4470,4471,1
4471,4472,0
4472,4473,1
4473,4474,0
4474,4475,0
4475,4476,0
4476,4477,0
4477,4478,1
4478,4479,0
4479,4480,1
4480,4481,0
4481,4482,0
4482,4483,0
4483,4484,0
4484,4485,0
4485,4486,0
4486,4487,0
4487,4488,0
4488,4489,1
4489,4490,1
4490,4491,0
4491,4492,0
4492,4493,0
4493,4494,1
4494,4495,0
4495,4496,0
4496,4497,0
4497,4498,0
4498,4499,0
4499,4500,0
4500,4501,1
4501,4502,1
4502,4503,0
4503,4504,0
4504,4505,0
4505,4506,0
4506,4507,1
4507,4508,0
4508,4509,0
4509,4510,0
4510,4511,0
4511,4512,1
4512,4513,0
4513,4514,0
4514,4515,0
4515,4516,1
4516,4517,0
4517,4518,0
4518,4519,0
4519,4520,1
4520,4521,0
4521,4522,0
4522,4523,0
4523,4524,0
4524,4525,0
4525,4526,0
4526,4527,0
4527,4528,0
4528,4529,0
4529,4530,0
4530,4531,0
4531,4532,0
4532,4533,0
4533,4534,0
4534,4535,0
4535,4536,1
4536,4537,0
4537,4538,0
4538,4539,0
4539,4540,0
4540,4541,0
4541,4542,1
4542,4543,0
4543,4544,0
4544,4545,0
4545,4546,1
4546,4547,0
4547,4548,1
4548,4549,0
4549,4550,0
4550,4551,0
4551,4552,0
4552,4553,0
4553,4554,0
4554,4555,0
4555,4556,1
4556,4557,0
4557,4558,0
4558,4559,0
4559,4560,0
4560,4561,0
4561,4562,0
4562,4563,1
4563,4564,0
4564,4565,0
4565,4566,1
4566,4567,0
4567,4568,0
4568,4569,0
4569,4570,0
4570,4571,0
4571,4572,0
4572,4573,0
4573,4574,0
4574,4575,0
4575,4576,0
4576,4577,0
4577,4578,0
4578,4579,0
4579,4580,1
4580,4581,0
4581,4582,0
4582,4583,1
4583,4584,0
4584,4585,0
4585,4586,1
4586,4587,0
4587,4588,0
4588,4589,0
4589,4590,1
4590,4591,1
4591,4592,0
4592,4593,0
4593,4594,0
4594,4595,0
4595,4596,0
4596,4597,0
4597,4598,1
4598,4599,0
4599,4600,0
4600,4601,0
4601,4602,0
4602,4603,1
4603,4604,0
4604,4605,0
4605,4606,1
4606,4607,1
4607,4608,0
4608,4609,0
4609,4610,1
4610,4611,0
4611,4612,0
4612,4613,0
4613,4614,0
4614,4615,0
4615,4616,1
4616,4617,1
4617,4618,0
4618,4619,0
4619,4620,0
4620,4621,0
4621,4622,1
4622,4623,0
4623,4624,0
4624,4625,0
4625,4626,0
4626,4627,0
4627,4628,0
4628,4629,0
4629,4630,0
4630,4631,0
4631,4632,0
4632,4633,0
4633,4634,0
4634,4635,1
4635,4636,1
4636,4637,0
4637,4638,0
4638,4639,0
4639,4640,0
4640,4641,0
4641,4642,0
4642,4643,0
4643,4644,1
4644,4645,0
4645,4646,1
4646,4647,0
4647,4648,0
4648,4649,1
4649,4650,0
4650,4651,1
4651,4652,0
4652,4653,0
4653,4654,0
4654,4655,0
4655,4656,0
4656,4657,0
4657,4658,0
4658,4659,0
4659,4660,0
4660,4661,0
4661,4662,0
4662,4663,1
4663,4664,0
4664,4665,1
4665,4666,0
4666,4667,0
4667,4668,0
4668,4669,0
4669,4670,0
4670,4671,0
4671,4672,0
4672,4673,0
4673,4674,0
4674,4675,1
4675,4676,1
4676,4677,0
4677,4678,0
4678,4679,0
4679,4680,0
4680,4681,0
4681,4682,0
4682,4683,0
4683,4684,0
4684,4685,0
4685,4686,0
4686,4687,0
4687,4688,0
4688,4689,0
4689,4690,0
4690,4691,1
4691,4692,0
4692,4693,0
4693,4694,0
4694,4695,0
4695,4696,0
4696,4697,1
4697,4698,0
4698,4699,1
4699,4700,0
4700,4701,0
4701,4702,1
4702,4703,0
4703,4704,0
4704,4705,0
4705,4706,1
4706,4707,0
4707,4708,1
4708,4709,0
4709,4710,0
4710,4711,0
4711,4712,0
4712,4713,0
4713,4714,1
4714,4715,0
4715,4716,1
4716,4717,0
4717,4718,0
4718,4719,0
4719,4720,0
4720,4721,0
4721,4722,1
4722,4723,1
4723,4724,1
4724,4725,0
4725,4726,0
4726,4727,1
4727,4728,0
4728,4729,0
4729,4730,1
4730,4731,1
4731,4732,0
4732,4733,1
4733,4734,0
4734,4735,0
4735,4736,0
4736,4737,1
4737,4738,0
4738,4739,0
4739,4740,0
4740,4741,1
4741,4742,0
4742,4743,0
4743,4744,0
4744,4745,0
4745,4746,1
4746,4747,1
4747,4748,1
4748,4749,0
4749,4750,0
4750,4751,0
4751,4752,0
4752,4753,1
4753,4754,0
4754,4755,0
4755,4756,0
4756,4757,0
4757,4758,1
4758,4759,0
4759,4760,0
4760,4761,1
4761,4762,1
4762,4763,0
4763,4764,1
4764,4765,0
4765,4766,0
4766,4767,1
4767,4768,1
4768,4769,0
4769,4770,1
4770,4771,0
4771,4772,0
4772,4773,0
4773,4774,0
4774,4775,1
4775,4776,1
4776,4777,0
4777,4778,0
4778,4779,0
4779,4780,0
4780,4781,0
4781,4782,0
4782,4783,0
4783,4784,0
4784,4785,0
4785,4786,0
4786,4787,0
4787,4788,0
4788,4789,0
4789,4790,0
4790,4791,0
4791,4792,0
4792,4793,0
4793,4794,0
4794,4795,0
4795,4796,0
4796,4797,1
4797,4798,1
4798,4799,0
4799,4800,1
4800,4801,0
4801,4802,1
4802,4803,1
4803,4804,0
4804,4805,0
4805,4806,1
4806,4807,0
4807,4808,0
4808,4809,0
4809,4810,0
4810,4811,0
4811,4812,1
4812,4813,0
4813,4814,0
4814,4815,0
4815,4816,0
4816,4817,0
4817,4818,0
4818,4819,0
4819,4820,1
4820,4821,0
4821,4822,0
4822,4823,1
4823,4824,0
4824,4825,0
4825,4826,0
4826,4827,0
4827,4828,0
4828,4829,0
4829,4830,0
4830,4831,1
4831,4832,0
4832,4833,0
4833,4834,0
4834,4835,0
4835,4836,0
4836,4837,1
4837,4838,1
4838,4839,1
4839,4840,0
4840,4841,0
4841,4842,1
4842,4843,0
4843,4844,0
4844,4845,0
4845,4846,1
4846,4847,1
4847,4848,0
4848,4849,0
4849,4850,0
4850,4851,0
4851,4852,0
4852,4853,1
4853,4854,0
4854,4855,0
4855,4856,0
4856,4857,0
4857,4858,0
4858,4859,1
4859,4860,1
4860,4861,1
4861,4862,0
4862,4863,0
4863,4864,1
4864,4865,0
4865,4866,0
4866,4867,0
4867,4868,0
4868,4869,0
4869,4870,1
4870,4871,0
4871,4872,0
4872,4873,0
4873,4874,0
4874,4875,0
4875,4876,0
4876,4877,1
4877,4878,0
4878,4879,0
4879,4880,0
4880,4881,1
4881,4882,0
4882,4883,0
4883,4884,1
4884,4885,0
4885,4886,0
4886,4887,0
4887,4888,0
4888,4889,0
4889,4890,0
4890,4891,1
4891,4892,0
4892,4893,0
4893,4894,0
4894,4895,1
4895,4896,0
4896,4897,0
4897,4898,0
4898,4899,1
4899,4900,0
4900,4901,0
4901,4902,0
4902,4903,1
4903,4904,0
4904,4905,0
4905,4906,0
4906,4907,0
4907,4908,0
4908,4909,1
4909,4910,0
4910,4911,0
4911,4912,0
4912,4913,0
4913,4914,0
4914,4915,1
4915,4916,0
4916,4917,0
4917,4918,0
4918,4919,1
4919,4920,1
4920,4921,1
4921,4922,0
4922,4923,0
4923,4924,0
4924,4925,0
4925,4926,0
4926,4927,0
4927,4928,1
4928,4929,0
4929,4930,0
4930,4931,0
4931,4932,0
4932,4933,1
4933,4934,0
4934,4935,1
4935,4936,1
4936,4937,0
4937,4938,0
4938,4939,0
4939,4940,0
4940,4941,0
4941,4942,1
4942,4943,0
4943,4944,0
4944,4945,1
4945,4946,0
4946,4947,0
4947,4948,0
4948,4949,0
4949,4950,0
4950,4951,0
4951,4952,0
4952,4953,0
4953,4954,0
4954,4955,0
4955,4956,0
4956,4957,1
4957,4958,0
4958,4959,0
4959,4960,1
4960,4961,1
4961,4962,0
4962,4963,1
4963,4964,1
4964,4965,0
4965,4966,0
4966,4967,0
4967,4968,0
4968,4969,0
4969,4970,0
4970,4971,1
4971,4972,0
4972,4973,0
4973,4974,1
4974,4975,1
4975,4976,0
4976,4977,0
4977,4978,1
4978,4979,0
4979,4980,0
4980,4981,1
4981,4982,0
4982,4983,0
4983,4984,0
4984,4985,1
4985,4986,1
4986,4987,0
4987,4988,1
4988,4989,0
4989,4990,0
4990,4991,1
4991,4992,0
4992,4993,0
4993,4994,0
4994,4995,1
4995,4996,0
4996,4997,1
4997,4998,0
4998,4999,0
4999,5000,1
5000,5001,0
5001,5002,0
5002,5003,0
5003,5004,0
5004,5005,0
5005,5006,0
5006,5007,1
5007,5008,1
5008,5009,0
5009,5010,1
5010,5011,0
5011,5012,0
5012,5013,1
5013,5014,1
5014,5015,1
5015,5016,0
5016,5017,0
5017,5018,0
5018,5019,0
5019,5020,1
5020,5021,0
5021,5022,0
5022,5023,0
5023,5024,0
5024,5025,0
5025,5026,0
5026,5027,1
5027,5028,0
5028,5029,0
5029,5030,0
5030,5031,0
5031,5032,0
5032,5033,1
5033,5034,0
5034,5035,0
5035,5036,0
5036,5037,0
5037,5038,0
5038,5039,0
5039,5040,1
5040,5041,0
5041,5042,0
5042,5043,0
5043,5044,1
5044,5045,1
5045,5046,1
5046,5047,0
5047,5048,0
5048,5049,1
5049,5050,1
5050,5051,0
5051,5052,0
5052,5053,0
5053,5054,0
5054,5055,0
5055,5056,0
5056,5057,0
5057,5058,0
5058,5059,0
5059,5060,0
5060,5061,1
5061,5062,0
5062,5063,0
5063,5064,0
5064,5065,0
5065,5066,0
5066,5067,0
5067,5068,0
5068,5069,0
5069,5070,0
5070,5071,0
5071,5072,0
5072,5073,1
5073,5074,0
5074,5075,0
5075,5076,1
5076,5077,0
5077,5078,0
5078,5079,0
5079,5080,1
5080,5081,0
5081,5082,0
5082,5083,1
5083,5084,0
5084,5085,0
5085,5086,0
5086,5087,1
5087,5088,0
5088,5089,0
5089,5090,0
5090,5091,0
5091,5092,0
5092,5093,0
5093,5094,0
5094,5095,0
5095,5096,0
5096,5097,1
5097,5098,0
5098,5099,0
5099,5100,0
5100,5101,0
5101,5102,0
5102,5103,0
5103,5104,0
5104,5105,0
5105,5106,0
5106,5107,0
5107,5108,0
5108,5109,0
5109,5110,1
5110,5111,1
5111,5112,0
5112,5113,0
5113,5114,1
5114,5115,0
5115,5116,0
5116,5117,1
5117,5118,0
5118,5119,0
5119,5120,0
5120,5121,0
5121,5122,0
5122,5123,0
5123,5124,0
5124,5125,0
5125,5126,0
5126,5127,1
5127,5128,0
5128,5129,0
5129,5130,0
5130,5131,0
5131,5132,0
5132,5133,0
5133,5134,0
5134,5135,1
5135,5136,0
5136,5137,1
5137,5138,1
5138,5139,0
5139,5140,0
5140,5141,1
5141,5142,0
5142,5143,0
5143,5144,0
5144,5145,1
5145,5146,0
5146,5147,0
5147,5148,0
5148,5149,0
5149,5150,1
5150,5151,0
5151,5152,0
5152,5153,1
5153,5154,0
5154,5155,0
5155,5156,1
5156,5157,0
5157,5158,1
5158,5159,1
5159,5160,0
5160,5161,0
5161,5162,0
5162,5163,0
5163,5164,0
5164,5165,0
5165,5166,0
5166,5167,1
5167,5168,1
5168,5169,1
5169,5170,0
5170,5171,0
5171,5172,0
5172,5173,0
5173,5174,0
5174,5175,1
5175,5176,1
5176,5177,1
5177,5178,1
5178,5179,0
5179,5180,0
5180,5181,0
5181,5182,0
5182,5183,0
5183,5184,0
5184,5185,0
5185,5186,0
5186,5187,1
5187,5188,1
5188,5189,1
5189,5190,0
5190,5191,0
5191,5192,1
5192,5193,0
5193,5194,1
5194,5195,1
5195,5196,0
5196,5197,0
5197,5198,0
5198,5199,0
5199,5200,0
5200,5201,0
5201,5202,0
5202,5203,1
5203,5204,0
5204,5205,0
5205,5206,0
5206,5207,1
5207,5208,0
5208,5209,1
5209,5210,0
5210,5211,0
5211,5212,0
5212,5213,0
5213,5214,0
5214,5215,0
5215,5216,0
5216,5217,0
5217,5218,0
5218,5219,0
5219,5220,1
5220,5221,0
5221,5222,0
5222,5223,1
5223,5224,0
5224,5225,0
5225,5226,0
5226,5227,1
5227,5228,0
5228,5229,0
5229,5230,0
5230,5231,0
5231,5232,0
5232,5233,0
5233,5234,0
5234,5235,1
5235,5236,0
5236,5237,0
5237,5238,0
5238,5239,0
5239,5240,0
5240,5241,0
5241,5242,1
5242,5243,0
5243,5244,0
5244,5245,0
5245,5246,0
5246,5247,1
5247,5248,0
5248,5249,1
5249,5250,1
5250,5251,0
5251,5252,1
5252,5253,1
5253,5254,0
5254,5255,0
5255,5256,0
5256,5257,0
5257,5258,1
5258,5259,1
5259,5260,0
5260,5261,1
5261,5262,1
5262,5263,0
5263,5264,0
5264,5265,0
5265,5266,0
5266,5267,0
5267,5268,0
5268,5269,0
5269,5270,0
5270,5271,1
5271,5272,1
5272,5273,0
5273,5274,0
5274,5275,0
5275,5276,0
5276,5277,0
5277,5278,0
5278,5279,0
5279,5280,0
5280,5281,1
5281,5282,0
5282,5283,1
5283,5284,0
5284,5285,0
5285,5286,0
5286,5287,0
5287,5288,0
5288,5289,0
5289,5290,0
5290,5291,0
5291,5292,0
5292,5293,0
5293,5294,0
5294,5295,0
5295,5296,1
5296,5297,0
5297,5298,1
5298,5299,0
5299,5300,0
5300,5301,0
5301,5302,0
5302,5303,0
5303,5304,0
5304,5305,1
5305,5306,1
5306,5307,1
5307,5308,0
5308,5309,1
5309,5310,0
5310,5311,0
5311,5312,1
5312,5313,0
5313,5314,0
5314,5315,0
5315,5316,0
5316,5317,0
5317,5318,0
5318,5319,1
5319,5320,1
5320,5321,0
5321,5322,1
5322,5323,0
5323,5324,1
5324,5325,0
5325,5326,1
5326,5327,1
5327,5328,0
5328,5329,0
5329,5330,0
5330,5331,0
5331,5332,0
5332,5333,0
5333,5334,0
5334,5335,1
5335,5336,0
5336,5337,0
5337,5338,1
5338,5339,0
5339,5340,0
5340,5341,1
5341,5342,0
5342,5343,0
5343,5344,0
5344,5345,1
5345,5346,0
5346,5347,0
5347,5348,1
5348,5349,0
5349,5350,0
5350,5351,1
5351,5352,1
5352,5353,0
5353,5354,0
5354,5355,0
5355,5356,0
5356,5357,0
5357,5358,0
5358,5359,0
5359,5360,0
5360,5361,0
5361,5362,0
5362,5363,1
5363,5364,0
5364,5365,0
5365,5366,1
5366,5367,0
5367,5368,0
5368,5369,0
5369,5370,1
5370,5371,1
5371,5372,1
5372,5373,0
5373,5374,0
5374,5375,1
5375,5376,0
5376,5377,1
5377,5378,0
5378,5379,0
5379,5380,0
5380,5381,0
5381,5382,1
5382,5383,0
5383,5384,0
5384,5385,0
5385,5386,1
5386,5387,0
5387,5388,0
5388,5389,0
5389,5390,0
5390,5391,0
5391,5392,0
5392,5393,1
5393,5394,0
5394,5395,0
5395,5396,0
5396,5397,0
5397,5398,1
5398,5399,1
5399,5400,0
5400,5401,0
5401,5402,0
5402,5403,0
5403,5404,0
5404,5405,0
5405,5406,0
5406,5407,1
5407,5408,0
5408,5409,1
5409,5410,1
5410,5411,0
5411,5412,0
5412,5413,1
5413,5414,0
5414,5415,0
5415,5416,0
5416,5417,0
5417,5418,0
5418,5419,0
5419,5420,0
5420,5421,0
5421,5422,1
5422,5423,1
5423,5424,1
5424,5425,0
5425,5426,0
5426,5427,0
5427,5428,0
5428,5429,0
5429,5430,0
5430,5431,0
5431,5432,0
5432,5433,0
5433,5434,0
5434,5435,0
5435,5436,0
5436,5437,0
5437,5438,0
5438,5439,0
5439,5440,0
5440,5441,0
5441,5442,0
5442,5443,0
5443,5444,0
5444,5445,0
5445,5446,0
5446,5447,0
5447,5448,0
5448,5449,0
5449,5450,0
5450,5451,1
5451,5452,0
5452,5453,1
5453,5454,1
5454,5455,0
5455,5456,1
5456,5457,1
5457,5458,0
5458,5459,0
5459,5460,0
5460,5461,0
5461,5462,0
5462,5463,1
5463,5464,0
5464,5465,1
5465,5466,0
5466,5467,0
5467,5468,0
5468,5469,0
5469,5470,0
5470,5471,1
5471,5472,0
5472,5473,0
5473,5474,1
5474,5475,0
5475,5476,0
5476,5477,0
5477,5478,0
5478,5479,1
5479,5480,0
5480,5481,1
5481,5482,0
5482,5483,0
5483,5484,0
5484,5485,0
5485,5486,0
5486,5487,1
5487,5488,1
5488,5489,0
5489,5490,0
5490,5491,0
5491,5492,0
5492,5493,0
5493,5494,0
5494,5495,0
5495,5496,0
5496,5497,0
5497,5498,0
5498,5499,0
5499,5500,0
5500,5501,1
5501,5502,0
5502,5503,0
5503,5504,1
5504,5505,0
5505,5506,0
5506,5507,0
5507,5508,0
5508,5509,1
5509,5510,1
5510,5511,0
5511,5512,0
5512,5513,0
5513,5514,0
5514,5515,0
5515,5516,0
5516,5517,0
5517,5518,0
5518,5519,1
5519,5520,0
5520,5521,0
5521,5522,1
5522,5523,0
5523,5524,1
5524,5525,0
5525,5526,1
5526,5527,0
5527,5528,0
5528,5529,1
5529,5530,0
5530,5531,0
5531,5532,0
5532,5533,0
5533,5534,0
5534,5535,0
5535,5536,0
5536,5537,0
5537,5538,0
5538,5539,0
5539,5540,0
5540,5541,1
5541,5542,0
5542,5543,0
5543,5544,0
5544,5545,0
5545,5546,0
5546,5547,1
5547,5548,0
5548,5549,0
5549,5550,0
5550,5551,0
5551,5552,0
5552,5553,1
5553,5554,0
5554,5555,1
5555,5556,0
5556,5557,0
5557,5558,0
5558,5559,0
5559,5560,0
5560,5561,0
5561,5562,0
5562,5563,0
5563,5564,0
5564,5565,0
5565,5566,0
5566,5567,0
5567,5568,0
5568,5569,0
5569,5570,0
5570,5571,0
5571,5572,0
5572,5573,0
5573,5574,0
5574,5575,0
5575,5576,0
5576,5577,0
5577,5578,0
5578,5579,0
5579,5580,1
5580,5581,0
5581,5582,0
5582,5583,0
5583,5584,0
5584,5585,0
5585,5586,0
5586,5587,0
5587,5588,0
5588,5589,1
5589,5590,1
5590,5591,0
5591,5592,1
5592,5593,1
5593,5594,1
5594,5595,0
5595,5596,1
5596,5597,1
5597,5598,0
5598,5599,0
5599,5600,0
5600,5601,0
5601,5602,1
5602,5603,1
5603,5604,1
5604,5605,0
5605,5606,1
5606,5607,0
5607,5608,0
5608,5609,0
5609,5610,0
5610,5611,0
5611,5612,1
5612,5613,0
5613,5614,1
5614,5615,0
5615,5616,0
5616,5617,0
5617,5618,1
5618,5619,0
5619,5620,0
5620,5621,1
5621,5622,1
5622,5623,1
5623,5624,0
5624,5625,0
5625,5626,0
5626,5627,1
5627,5628,0
5628,5629,0
5629,5630,0
5630,5631,0
5631,5632,1
5632,5633,0
5633,5634,0
5634,5635,0
5635,5636,0
5636,5637,1
5637,5638,0
5638,5639,1
5639,5640,0
5640,5641,0
5641,5642,0
5642,5643,0
5643,5644,0
5644,5645,0
5645,5646,1
5646,5647,0
5647,5648,0
5648,5649,0
5649,5650,1
5650,5651,0
5651,5652,1
5652,5653,1
5653,5654,0
5654,5655,0
5655,5656,0
5656,5657,0
5657,5658,0
5658,5659,0
5659,5660,0
5660,5661,0
5661,5662,0
5662,5663,0
5663,5664,1
5664,5665,1
5665,5666,1
5666,5667,0
5667,5668,0
5668,5669,0
5669,5670,0
5670,5671,0
5671,5672,0
5672,5673,1
5673,5674,0
5674,5675,0
5675,5676,0
5676,5677,0
5677,5678,0
5678,5679,0
5679,5680,0
5680,5681,0
5681,5682,0
5682,5683,0
5683,5684,0
5684,5685,0
5685,5686,1
5686,5687,0
5687,5688,0
5688,5689,1
5689,5690,0
5690,5691,1
5691,5692,0
5692,5693,0
5693,5694,0
5694,5695,0
5695,5696,0
5696,5697,0
5697,5698,0
5698,5699,0
5699,5700,1
5700,5701,0
5701,5702,0
5702,5703,1
5703,5704,0
5704,5705,0
5705,5706,0
5706,5707,0
5707,5708,0
5708,5709,1
5709,5710,1
5710,5711,0
5711,5712,0
5712,5713,0
5713,5714,0
5714,5715,1
5715,5716,0
5716,5717,0
5717,5718,0
5718,5719,1
5719,5720,0
5720,5721,0
5721,5722,1
5722,5723,0
5723,5724,1
5724,5725,0
5725,5726,0
5726,5727,1
5727,5728,1
5728,5729,0
5729,5730,0
5730,5731,0
5731,5732,0
5732,5733,0
5733,5734,0
5734,5735,0
5735,5736,0
5736,5737,0
5737,5738,1
5738,5739,0
5739,5740,1
5740,5741,0
5741,5742,0
5742,5743,0
5743,5744,0
5744,5745,0
5745,5746,1
5746,5747,0
5747,5748,0
5748,5749,0
5749,5750,1
5750,5751,1
5751,5752,0
5752,5753,0
5753,5754,0
5754,5755,0
5755,5756,0
5756,5757,0
5757,5758,0
5758,5759,0
5759,5760,1
5760,5761,0
5761,5762,1
5762,5763,0
5763,5764,0
5764,5765,1
5765,5766,0
5766,5767,0
5767,5768,0
5768,5769,1
5769,5770,0
5770,5771,0
5771,5772,1
5772,5773,0
5773,5774,1
5774,5775,0
5775,5776,0
5776,5777,0
5777,5778,0
5778,5779,0
5779,5780,0
5780,5781,0
5781,5782,0
5782,5783,0
5783,5784,0
5784,5785,0
5785,5786,0
5786,5787,0
5787,5788,1
5788,5789,0
5789,5790,0
5790,5791,1
5791,5792,0
5792,5793,0
5793,5794,0
5794,5795,0
5795,5796,1
5796,5797,0
5797,5798,0
5798,5799,0
5799,5800,0
5800,5801,0
5801,5802,1
5802,5803,1
5803,5804,0
5804,5805,0
5805,5806,0
5806,5807,0
5807,5808,0
5808,5809,0
5809,5810,0
5810,5811,0
5811,5812,0
5812,5813,0
5813,5814,0
5814,5815,0
5815,5816,0
5816,5817,0
5817,5818,0
5818,5819,0
5819,5820,0
5820,5821,0
5821,5822,0
5822,5823,0
5823,5824,0
5824,5825,0
5825,5826,0
5826,5827,0
5827,5828,0
5828,5829,0
5829,5830,0
5830,5831,0
5831,5832,0
5832,5833,1
5833,5834,0
5834,5835,1
5835,5836,0
5836,5837,1
5837,5838,1
5838,5839,0
5839,5840,0
5840,5841,0
5841,5842,1
5842,5843,0
5843,5844,1
5844,5845,0
5845,5846,0
5846,5847,0
5847,5848,0
5848,5849,1
5849,5850,1
5850,5851,1
5851,5852,0
5852,5853,1
5853,5854,0
5854,5855,1
5855,5856,0
5856,5857,1
5857,5858,0
5858,5859,0
5859,5860,0
5860,5861,0
5861,5862,0
5862,5863,1
5863,5864,0
5864,5865,0
5865,5866,1
5866,5867,0
5867,5868,1
5868,5869,1
5869,5870,1
5870,5871,0
5871,5872,1
5872,5873,1
5873,5874,0
5874,5875,1
5875,5876,1
5876,5877,0
5877,5878,0
5878,5879,0
5879,5880,1
5880,5881,0
5881,5882,0
5882,5883,0
5883,5884,0
5884,5885,0
5885,5886,1
5886,5887,0
5887,5888,0
5888,5889,0
5889,5890,0
5890,5891,0
5891,5892,0
5892,5893,0
5893,5894,0
5894,5895,0
5895,5896,0
5896,5897,0
5897,5898,0
5898,5899,0
5899,5900,1
5900,5901,0
5901,5902,1
5902,5903,1
5903,5904,0
5904,5905,0
5905,5906,1
5906,5907,0
5907,5908,0
5908,5909,1
5909,5910,0
5910,5911,0
5911,5912,0
5912,5913,1
5913,5914,0
5914,5915,0
5915,5916,0
5916,5917,1
5917,5918,0
5918,5919,1
5919,5920,0
5920,5921,0
5921,5922,0
5922,5923,1
5923,5924,1
5924,5925,0
5925,5926,1
5926,5927,1
5927,5928,1
5928,5929,0
5929,5930,1
5930,5931,0
5931,5932,0
5932,5933,0
5933,5934,0
5934,5935,0
5935,5936,1
5936,5937,0
5937,5938,0
5938,5939,0
5939,5940,0
5940,5941,0
5941,5942,1
5942,5943,0
5943,5944,1
5944,5945,0
5945,5946,0
5946,5947,0
5947,5948,0
5948,5949,0
5949,5950,1
5950,5951,0
5951,5952,1
5952,5953,0
5953,5954,0
5954,5955,0
5955,5956,0
5956,5957,0
5957,5958,0
5958,5959,0
5959,5960,1
5960,5961,0
5961,5962,0
5962,5963,0
5963,5964,0
5964,5965,0
5965,5966,0
5966,5967,0
5967,5968,0
5968,5969,0
5969,5970,0
5970,5971,0
5971,5972,0
5972,5973,0
5973,5974,1
5974,5975,1
5975,5976,0
5976,5977,0
5977,5978,0
5978,5979,0
5979,5980,0
5980,5981,0
5981,5982,1
5982,5983,0
5983,5984,0
5984,5985,1
5985,5986,0
5986,5987,0
5987,5988,0
5988,5989,0
5989,5990,1
5990,5991,0
5991,5992,0
5992,5993,1
5993,5994,0
5994,5995,0
5995,5996,0
5996,5997,0
5997,5998,0
5998,5999,1
5999,6000,0
6000,6001,0
6001,6002,0
6002,6003,0
6003,6004,0
6004,6005,0
6005,6006,0
6006,6007,0
6007,6008,0
6008,6009,0
6009,6010,0
6010,6011,0
6011,6012,0
6012,6013,0
6013,6014,1
6014,6015,0
6015,6016,1
6016,6017,1
6017,6018,0
6018,6019,0
6019,6020,1
6020,6021,0
6021,6022,0
6022,6023,0
6023,6024,0
6024,6025,1
6025,6026,0
6026,6027,0
6027,6028,0
6028,6029,0
6029,6030,0
6030,6031,0
6031,6032,0
6032,6033,1
6033,6034,0
6034,6035,0
6035,6036,0
6036,6037,0
6037,6038,0
6038,6039,0
6039,6040,0
6040,6041,0
6041,6042,0
6042,6043,0
6043,6044,0
6044,6045,0
6045,6046,0
6046,6047,1
6047,6048,0
6048,6049,0
6049,6050,0
6050,6051,1
6051,6052,1
6052,6053,0
6053,6054,0
6054,6055,1
6055,6056,1
6056,6057,1
6057,6058,0
6058,6059,0
6059,6060,0
6060,6061,0
6061,6062,0
6062,6063,0
6063,6064,0
6064,6065,0
6065,6066,0
6066,6067,0
6067,6068,1
6068,6069,0
6069,6070,1
6070,6071,0
6071,6072,0
6072,6073,0
6073,6074,1
6074,6075,0
6075,6076,0
6076,6077,0
6077,6078,0
6078,6079,1
6079,6080,0
6080,6081,0
6081,6082,0
6082,6083,0
6083,6084,0
6084,6085,0
6085,6086,0
6086,6087,1
6087,6088,1
6088,6089,1
6089,6090,0
6090,6091,0
6091,6092,1
6092,6093,1
6093,6094,0
6094,6095,0
6095,6096,0
6096,6097,0
6097,6098,0
6098,6099,0
6099,6100,0
6100,6101,0
6101,6102,0
6102,6103,0
6103,6104,1
6104,6105,0
6105,6106,0
6106,6107,1
6107,6108,0
6108,6109,0
6109,6110,1
6110,6111,0
6111,6112,0
6112,6113,0
6113,6114,0
6114,6115,0
6115,6116,1
6116,6117,0
6117,6118,1
6118,6119,1
6119,6120,0
6120,6121,0
6121,6122,0
6122,6123,0
6123,6124,0
6124,6125,0
6125,6126,0
6126,6127,0
6127,6128,0
6128,6129,0
6129,6130,0
6130,6131,1
6131,6132,0
6132,6133,0
6133,6134,0
6134,6135,0
6135,6136,0
6136,6137,0
6137,6138,0
6138,6139,1
6139,6140,1
6140,6141,0
6141,6142,0
6142,6143,0
6143,6144,1
6144,6145,0
6145,6146,0
6146,6147,0
6147,6148,0
6148,6149,0
6149,6150,0
6150,6151,0
6151,6152,0
6152,6153,0
6153,6154,1
6154,6155,0
6155,6156,1
6156,6157,1
6157,6158,0
6158,6159,0
6159,6160,0
6160,6161,0
6161,6162,0
6162,6163,0
6163,6164,0
6164,6165,1
6165,6166,0
6166,6167,0
6167,6168,0
